[13Sep2026 14:07:25.172] [main/INFO] [cpw.mods.modlauncher.Launcher/MODLAUNCHER]: ModLauncher running: args [--launchTarget, forgeclientdev, --version, 21.1.243, --assetIndex, 17, --assetsDir, C:\\Users\\Charlie\\.gradle\\caches\\neoformruntime\\assets, --gameDir, ., --fml.fmlVersion, 4.0.43, --fml.mcVersion, 1.21.1, --fml.neoForgeVersion, 21.1.243, --fml.neoFormVersion, 20240808.144430]
[13Sep2026 14:07:25.176] [main/INFO] [cpw.mods.modlauncher.Launcher/MODLAUNCHER]: JVM identified as Eclipse Adoptium OpenJDK 64-Bit Server VM 21.0.9+10-LTS
[13Sep2026 14:07:25.178] [main/INFO] [cpw.mods.modlauncher.Launcher/MODLAUNCHER]: ModLauncher 11.0.5+main.901c6ea8 starting: java version 21.0.9 by Eclipse Adoptium; OS Windows 10 arch amd64 version 10.0
[13Sep2026 14:07:25.205] [main/DEBUG] [cpw.mods.modlauncher.LaunchServiceHandler/MODLAUNCHER]: Found launch services [minecraft,forgeclient,forgedatauserdev,testharness,forgeserverdev,forgeserveruserdev,forgejunitdev,forgeclientdev,forgeclientuserdev,forgeserver,forgejunituserdev,forgedatadev]
[13Sep2026 14:07:25.228] [main/DEBUG] [cpw.mods.modlauncher.LaunchPluginHandler/MODLAUNCHER]: Found launch plugins: [mixin,slf4jfixer,runtime_enum_extender,accesstransformer,runtimedistcleaner]
[13Sep2026 14:07:25.239] [main/DEBUG] [cpw.mods.modlauncher.TransformationServicesHandler/MODLAUNCHER]: Discovering transformation services
[13Sep2026 14:07:25.244] [main/DEBUG] [net.neoforged.fml.loading.FMLPaths/CORE]: Path GAMEDIR is C:\Users\Charlie\IdeaProjects\Fractispheric\run
[13Sep2026 14:07:25.245] [main/DEBUG] [net.neoforged.fml.loading.FMLPaths/CORE]: Path MODSDIR is C:\Users\Charlie\IdeaProjects\Fractispheric\run\mods
[13Sep2026 14:07:25.245] [main/DEBUG] [net.neoforged.fml.loading.FMLPaths/CORE]: Path CONFIGDIR is C:\Users\Charlie\IdeaProjects\Fractispheric\run\config
[13Sep2026 14:07:25.245] [main/DEBUG] [net.neoforged.fml.loading.FMLPaths/CORE]: Path FMLCONFIG is C:\Users\Charlie\IdeaProjects\Fractispheric\run\config\fml.toml
[13Sep2026 14:07:25.291] [main/DEBUG] [net.neoforged.fml.loading.targets.CommonLaunchHandler/CORE]: Got mod coordinates fractispheric%%C:\\Users\\Charlie\\IdeaProjects\\Fractispheric\\build\\classes\\java\\main;fractispheric%%C:\\Users\\Charlie\\IdeaProjects\\Fractispheric\\build\\resources\\main from env
[13Sep2026 14:07:25.293] [main/DEBUG] [net.neoforged.fml.loading.targets.CommonLaunchHandler/CORE]: Found supplied mod coordinates [{fractispheric=[C:\Users\Charlie\IdeaProjects\Fractispheric\build\classes\java\main, C:\Users\Charlie\IdeaProjects\Fractispheric\build\resources\main]}]
[13Sep2026 14:07:25.297] [main/DEBUG] [cpw.mods.modlauncher.TransformationServicesHandler/MODLAUNCHER]: Found additional transformation services from discovery services: 
[13Sep2026 14:07:25.304] [main/INFO] [net.neoforged.fml.loading.ImmediateWindowHandler/]: Loading ImmediateWindowProvider fmlearlywindow
[13Sep2026 14:07:25.447] [main/INFO] [EARLYDISPLAY/]: Trying GL version 4.6
[13Sep2026 14:07:25.545] [main/INFO] [EARLYDISPLAY/]: Requested GL version 4.6 got version 4.6
[13Sep2026 14:07:25.615] [main/DEBUG] [cpw.mods.modlauncher.TransformationServicesHandler/MODLAUNCHER]: Found transformer services : [mixin,fml]
[13Sep2026 14:07:25.615] [main/DEBUG] [cpw.mods.modlauncher.TransformationServicesHandler/MODLAUNCHER]: Transformation services loading
[13Sep2026 14:07:25.616] [main/DEBUG] [cpw.mods.modlauncher.TransformationServiceDecorator/MODLAUNCHER]: Loading service mixin
[13Sep2026 14:07:25.616] [main/DEBUG] [cpw.mods.modlauncher.TransformationServiceDecorator/MODLAUNCHER]: Loaded service mixin
[13Sep2026 14:07:25.616] [main/DEBUG] [cpw.mods.modlauncher.TransformationServiceDecorator/MODLAUNCHER]: Loading service fml
[13Sep2026 14:07:25.617] [main/DEBUG] [net.neoforged.fml.loading.FMLLoader/CORE]: FML 4.0.43 loading
[13Sep2026 14:07:25.618] [main/DEBUG] [net.neoforged.fml.loading.FMLLoader/CORE]: FML found ModLauncher version : 11.0.5+main.901c6ea8
[13Sep2026 14:07:25.618] [main/DEBUG] [net.neoforged.fml.loading.FMLLoader/CORE]: FML found AccessTransformer version : 10.0.1+139da711
[13Sep2026 14:07:25.619] [main/DEBUG] [net.neoforged.fml.loading.FMLLoader/CORE]: FML found EventBus version : null
[13Sep2026 14:07:25.620] [main/DEBUG] [net.neoforged.fml.loading.FMLLoader/CORE]: Found Runtime Dist Cleaner
[13Sep2026 14:07:25.620] [main/DEBUG] [cpw.mods.modlauncher.TransformationServiceDecorator/MODLAUNCHER]: Loaded service fml
[13Sep2026 14:07:25.620] [main/DEBUG] [cpw.mods.modlauncher.TransformationServicesHandler/MODLAUNCHER]: Configuring option handling for services
[13Sep2026 14:07:25.637] [main/DEBUG] [net.neoforged.fml.loading.FMLServiceProvider/CORE]: Received command line version data  : VersionInfo[neoForgeVersion=21.1.243, fmlVersion=4.0.43, mcVersion=1.21.1, neoFormVersion=20240808.144430]
[13Sep2026 14:07:25.637] [main/DEBUG] [cpw.mods.modlauncher.TransformationServicesHandler/MODLAUNCHER]: Transformation services initializing
[13Sep2026 14:07:25.638] [main/DEBUG] [cpw.mods.modlauncher.TransformationServiceDecorator/MODLAUNCHER]: Initializing transformation service mixin
[13Sep2026 14:07:25.652] [main/DEBUG] [mixin/]: MixinService [ModLauncher] was successfully booted in cpw.mods.cl.ModuleClassLoader@6ec8211c
[13Sep2026 14:07:25.664] [main/INFO] [mixin/]: SpongePowered MIXIN Subsystem Version=0.8.7 Source=union:/C:/Users/Charlie/.gradle/caches/modules-2/files-2.1/net.fabricmc/sponge-mixin/0.15.2+mixin.0.8.7/2af2f021d8e02a0220dc27a7a72b4666d66d44ca/sponge-mixin-0.15.2+mixin.0.8.7.jar%23138!/ Service=ModLauncher Env=CLIENT
[13Sep2026 14:07:25.667] [main/DEBUG] [mixin/]: Initialising Mixin Platform Manager
[13Sep2026 14:07:25.668] [main/DEBUG] [mixin/]: Adding mixin platform agents for container ModLauncher Root Container(ModLauncher:4f56a0a2)
[13Sep2026 14:07:25.668] [main/DEBUG] [mixin/]: Instancing new MixinPlatformAgentMinecraftForge for ModLauncher Root Container(ModLauncher:4f56a0a2)
[13Sep2026 14:07:25.669] [main/DEBUG] [mixin/]: MixinPlatformAgentMinecraftForge rejected container ModLauncher Root Container(ModLauncher:4f56a0a2)
[13Sep2026 14:07:25.669] [main/DEBUG] [mixin/]: Instancing new MixinPlatformAgentDefault for ModLauncher Root Container(ModLauncher:4f56a0a2)
[13Sep2026 14:07:25.669] [main/DEBUG] [mixin/]: MixinPlatformAgentDefault accepted container ModLauncher Root Container(ModLauncher:4f56a0a2)
[13Sep2026 14:07:25.671] [main/DEBUG] [cpw.mods.modlauncher.TransformationServiceDecorator/MODLAUNCHER]: Initialized transformation service mixin
[13Sep2026 14:07:25.672] [main/DEBUG] [cpw.mods.modlauncher.TransformationServiceDecorator/MODLAUNCHER]: Initializing transformation service fml
[13Sep2026 14:07:25.672] [main/DEBUG] [net.neoforged.fml.loading.FMLServiceProvider/CORE]: Setting up basic FML game directories
[13Sep2026 14:07:25.673] [main/DEBUG] [net.neoforged.fml.loading.FMLPaths/CORE]: Path GAMEDIR is C:\Users\Charlie\IdeaProjects\Fractispheric\run
[13Sep2026 14:07:25.673] [main/DEBUG] [net.neoforged.fml.loading.FMLPaths/CORE]: Path MODSDIR is C:\Users\Charlie\IdeaProjects\Fractispheric\run\mods
[13Sep2026 14:07:25.673] [main/DEBUG] [net.neoforged.fml.loading.FMLPaths/CORE]: Path CONFIGDIR is C:\Users\Charlie\IdeaProjects\Fractispheric\run\config
[13Sep2026 14:07:25.674] [main/DEBUG] [net.neoforged.fml.loading.FMLPaths/CORE]: Path FMLCONFIG is C:\Users\Charlie\IdeaProjects\Fractispheric\run\config\fml.toml
[13Sep2026 14:07:25.674] [main/DEBUG] [net.neoforged.fml.loading.FMLServiceProvider/CORE]: Loading configuration
[13Sep2026 14:07:25.679] [main/DEBUG] [net.neoforged.fml.loading.FMLServiceProvider/CORE]: Preparing launch handler
[13Sep2026 14:07:25.679] [main/DEBUG] [net.neoforged.fml.loading.FMLLoader/CORE]: Using forgeclientdev as launch service
[13Sep2026 14:07:25.681] [main/DEBUG] [cpw.mods.modlauncher.TransformationServiceDecorator/MODLAUNCHER]: Initialized transformation service fml
[13Sep2026 14:07:25.681] [main/DEBUG] [cpw.mods.modlauncher.TransformationServicesHandler/MODLAUNCHER]: Transformation services begin scanning
[13Sep2026 14:07:25.682] [main/DEBUG] [cpw.mods.modlauncher.TransformationServiceDecorator/MODLAUNCHER]: Beginning scan trigger - transformation service mixin
[13Sep2026 14:07:25.682] [main/DEBUG] [cpw.mods.modlauncher.TransformationServiceDecorator/MODLAUNCHER]: End scan trigger - transformation service mixin
[13Sep2026 14:07:25.683] [main/DEBUG] [cpw.mods.modlauncher.TransformationServiceDecorator/MODLAUNCHER]: Beginning scan trigger - transformation service fml
[13Sep2026 14:07:25.683] [main/DEBUG] [net.neoforged.fml.loading.FMLServiceProvider/CORE]: Initiating mod scan
[13Sep2026 14:07:25.683] [main/DEBUG] [net.neoforged.fml.loading.targets.CommonLaunchHandler/CORE]: Got mod coordinates fractispheric%%C:\\Users\\Charlie\\IdeaProjects\\Fractispheric\\build\\classes\\java\\main;fractispheric%%C:\\Users\\Charlie\\IdeaProjects\\Fractispheric\\build\\resources\\main from env
[13Sep2026 14:07:25.683] [main/DEBUG] [net.neoforged.fml.loading.targets.CommonLaunchHandler/CORE]: Found supplied mod coordinates [{fractispheric=[C:\Users\Charlie\IdeaProjects\Fractispheric\build\classes\java\main, C:\Users\Charlie\IdeaProjects\Fractispheric\build\resources\main]}]
[13Sep2026 14:07:25.685] [main/DEBUG] [net.neoforged.fml.loading.targets.CommonDevLaunchHandler/]: Launching with NeoForge from C:\Users\Charlie\IdeaProjects\Fractispheric\build\moddev\artifacts\neoforge-21.1.243.jar
[13Sep2026 14:07:25.700] [main/DEBUG] [net.neoforged.fml.util.ServiceLoaderUtil/CORE]: Found 4 implementations of IModFileCandidateLocator:
[13Sep2026 14:07:25.701] [main/DEBUG] [net.neoforged.fml.util.ServiceLoaderUtil/CORE]: 	       0 - [built-in] net.neoforged.fml.loading.moddiscovery.locators.NeoForgeDevProvider from loader-4.0.43.jar
[13Sep2026 14:07:25.702] [main/DEBUG] [net.neoforged.fml.util.ServiceLoaderUtil/CORE]: 	       0 - net.neoforged.fml.loading.moddiscovery.locators.ModsFolderLocator from loader-4.0.43.jar
[13Sep2026 14:07:25.702] [main/DEBUG] [net.neoforged.fml.util.ServiceLoaderUtil/CORE]: 	       0 - net.neoforged.fml.loading.moddiscovery.locators.MavenDirectoryLocator from loader-4.0.43.jar
[13Sep2026 14:07:25.702] [main/DEBUG] [net.neoforged.fml.util.ServiceLoaderUtil/CORE]: 	   -1000 - [built-in] net.neoforged.fml.loading.moddiscovery.locators.UserdevLocator from loader-4.0.43.jar
[13Sep2026 14:07:25.704] [main/DEBUG] [net.neoforged.fml.util.ServiceLoaderUtil/CORE]: Found 2 implementations of IModFileReader:
[13Sep2026 14:07:25.705] [main/DEBUG] [net.neoforged.fml.util.ServiceLoaderUtil/CORE]: 	       0 - net.neoforged.fml.loading.moddiscovery.readers.JarModsDotTomlModFileReader from loader-4.0.43.jar
[13Sep2026 14:07:25.706] [main/DEBUG] [net.neoforged.fml.util.ServiceLoaderUtil/CORE]: 	   -1000 - net.neoforged.fml.loading.moddiscovery.readers.NestedLibraryModReader from loader-4.0.43.jar
[13Sep2026 14:07:25.707] [main/DEBUG] [net.neoforged.fml.util.ServiceLoaderUtil/CORE]: Found 1 implementations of IDependencyLocator:
[13Sep2026 14:07:25.708] [main/DEBUG] [net.neoforged.fml.util.ServiceLoaderUtil/CORE]: 	       0 - net.neoforged.fml.loading.moddiscovery.locators.JarInJarDependencyLocator from loader-4.0.43.jar
[13Sep2026 14:07:25.806] [main/DEBUG] [net.neoforged.fml.loading.moddiscovery.ModFileInfo/LOADING]: Found valid mod file neoforge-21.1.243.jar with {minecraft} mods - versions {1.21.1}
[13Sep2026 14:07:25.820] [main/DEBUG] [net.neoforged.fml.loading.moddiscovery.ModFileParser/LOADING]: Considering mod file candidate C:\Users\Charlie\IdeaProjects\Fractispheric\build\moddev\artifacts\neoforge-21.1.243.jar
[13Sep2026 14:07:25.840] [main/DEBUG] [net.neoforged.fml.loading.moddiscovery.ModFileInfo/LOADING]: Found valid mod file neoforge-21.1.243.jar with {neoforge} mods - versions {21.1.243}
[13Sep2026 14:07:25.844] [main/DEBUG] [net.neoforged.fml.loading.moddiscovery.ModListHandler/CORE]: Found mod coordinates from lists: []
[13Sep2026 14:07:25.847] [main/DEBUG] [net.neoforged.fml.loading.moddiscovery.ModFileParser/LOADING]: Considering mod file candidate C:\Users\Charlie\IdeaProjects\Fractispheric\build\classes\java\main
[13Sep2026 14:07:25.855] [main/DEBUG] [net.neoforged.fml.loading.moddiscovery.ModFileInfo/LOADING]: Found valid mod file main with {fractispheric} mods - versions {0.0.1}
[13Sep2026 14:07:25.870] [main/DEBUG] [net.neoforged.fml.loading.moddiscovery.ModFileParser/LOADING]: Considering mod file candidate C:\Users\Charlie\IdeaProjects\Fractispheric\build\moddev\artifacts\neoforge-21.1.243.jar
[13Sep2026 14:07:25.872] [main/DEBUG] [net.neoforged.fml.loading.moddiscovery.ModFileInfo/LOADING]: Found valid mod file neoforge-21.1.243.jar with {neoforge} mods - versions {21.1.243}
[13Sep2026 14:07:25.876] [main/DEBUG] [net.neoforged.fml.loading.moddiscovery.ModFileParser/LOADING]: Considering mod file candidate C:\Users\Charlie\.gradle\caches\modules-2\files-2.1\maven.modrinth\HAVlno45\iSzvhglx\4f9d99dd66dd002ce09fd57fa594f189ef6164a2\HAVlno45-iSzvhglx.jar
[13Sep2026 14:07:25.879] [main/DEBUG] [net.neoforged.fml.loading.moddiscovery.ModFileInfo/LOADING]: Found valid mod file HAVlno45-iSzvhglx.jar with {moredensityfunctions} mods - versions {2.3.0}
[13Sep2026 14:07:25.890] [main/DEBUG] [net.neoforged.fml.loading.moddiscovery.ModFileParser/LOADING]: Considering mod file candidate C:\Users\Charlie\.gradle\caches\modules-2\files-2.1\curse.maven\the-twilight-forest-227639\7797302\9cfd4154928433e2f1f6cfc3deb48c284debb580\the-twilight-forest-227639-7797302.jar
[13Sep2026 14:07:25.892] [main/DEBUG] [net.neoforged.fml.loading.moddiscovery.ModFileInfo/LOADING]: Found valid mod file the-twilight-forest-227639-7797302.jar with {twilightforest} mods - versions {4.8.3345}
[13Sep2026 14:07:25.896] [main/DEBUG] [net.neoforged.fml.loading.moddiscovery.ModFileParser/LOADING]: Considering mod file candidate C:\Users\Charlie\.gradle\caches\modules-2\files-2.1\curse.maven\structurify-1087551\8794973\158b5b1d0fcdd4d931dd8ba8b35258f941343235\structurify-1087551-8794973.jar
[13Sep2026 14:07:25.899] [main/DEBUG] [net.neoforged.fml.loading.moddiscovery.ModFileInfo/LOADING]: Found valid mod file structurify-1087551-8794973.jar with {structurify} mods - versions {2.0.35}
[13Sep2026 14:07:25.903] [main/DEBUG] [net.neoforged.fml.loading.moddiscovery.ModFileParser/LOADING]: Considering mod file candidate C:\Users\Charlie\.gradle\caches\modules-2\files-2.1\maven.modrinth\1eAoo2KR\7TVdVtxF\fe270c9f6e0a8142cf316944087f5109cef08bbb\1eAoo2KR-7TVdVtxF.jar
[13Sep2026 14:07:25.905] [main/DEBUG] [net.neoforged.fml.loading.moddiscovery.ModFileInfo/LOADING]: Found valid mod file 1eAoo2KR-7TVdVtxF.jar with {yet_another_config_lib_v3} mods - versions {3.8.2+1.21.1-neoforge}
[13Sep2026 14:07:25.915] [main/DEBUG] [net.neoforged.fml.loading.moddiscovery.ModFileParser/LOADING]: Considering mod file candidate C:\Users\Charlie\.gradle\caches\modules-2\files-2.1\curse.maven\regions-unexplored-659110\8419667\122586c147f0aa1efdc655792b6ef24aebbbba84\regions-unexplored-659110-8419667.jar
[13Sep2026 14:07:25.917] [main/DEBUG] [net.neoforged.fml.loading.moddiscovery.ModFileInfo/LOADING]: Found valid mod file regions-unexplored-659110-8419667.jar with {regions_unexplored} mods - versions {0.6.2}
[13Sep2026 14:07:25.922] [main/DEBUG] [net.neoforged.fml.loading.moddiscovery.ModFileParser/LOADING]: Considering mod file candidate C:\Users\Charlie\.gradle\caches\modules-2\files-2.1\curse.maven\lithostitched-936015\8819894\b8526bb7fcfb844ce91513ab349c408dd1a8279e\lithostitched-936015-8819894.jar
[13Sep2026 14:07:25.923] [main/DEBUG] [net.neoforged.fml.loading.moddiscovery.ModFileInfo/LOADING]: Found valid mod file lithostitched-936015-8819894.jar with {lithostitched} mods - versions {1.8.0+beta6}
[13Sep2026 14:07:25.943] [pool-2-thread-1/INFO] [EARLYDISPLAY/]: GL info: Radeon RX 580 Series GL version 4.6.0 Core Profile Context 25.5.1.250226, ATI Technologies Inc.
[13Sep2026 14:07:25.957] [main/DEBUG] [net.neoforged.fml.loading.moddiscovery.ModDiscoverer/]: Skipping C:\Users\Charlie\.gradle\caches\modules-2\files-2.1\net.neoforged.fancymodloader\earlydisplay\4.0.43\3a941fcf258b5a7dde0445377a7206a55d11630d\earlydisplay-4.0.43.jar because it was already located earlier
[13Sep2026 14:07:25.957] [main/DEBUG] [net.neoforged.fml.loading.moddiscovery.ModDiscoverer/]: Skipping C:\Users\Charlie\.gradle\caches\modules-2\files-2.1\net.neoforged.fancymodloader\loader\4.0.43\fb10b7bf2f568a9676ad8b426b19c23badbbd98a\loader-4.0.43.jar because it was already located earlier
[13Sep2026 14:07:25.957] [main/DEBUG] [net.neoforged.fml.loading.moddiscovery.ModDiscoverer/]: Skipping C:\Users\Charlie\.gradle\caches\modules-2\files-2.1\net.neoforged.accesstransformers\at-modlauncher\10.0.1\5aba50202aceead086bc09fbc2751c9f05cb4890\at-modlauncher-10.0.1.jar because it was already located earlier
[13Sep2026 14:07:25.957] [main/DEBUG] [net.neoforged.fml.loading.moddiscovery.ModDiscoverer/]: Skipping C:\Users\Charlie\.gradle\caches\modules-2\files-2.1\net.neoforged\accesstransformers\10.0.1\fd83b5725f76eae9115e9355fa1c456a6a441400\accesstransformers-10.0.1.jar because it was already located earlier
[13Sep2026 14:07:25.957] [main/DEBUG] [net.neoforged.fml.loading.moddiscovery.ModDiscoverer/]: Skipping C:\Users\Charlie\.gradle\caches\modules-2\files-2.1\net.neoforged\bus\8.0.5\5b2d33285ab5d1554e9798ad98c40d6ea3868bd5\bus-8.0.5.jar because it was already located earlier
[13Sep2026 14:07:25.957] [main/DEBUG] [net.neoforged.fml.loading.moddiscovery.ModDiscoverer/]: Skipping C:\Users\Charlie\.gradle\caches\modules-2\files-2.1\net.neoforged\coremods\7.0.3\9147e6f638b4272b3bd5fc8f92ad37802512c6c\coremods-7.0.3.jar because it was already located earlier
[13Sep2026 14:07:25.958] [main/DEBUG] [net.neoforged.fml.loading.moddiscovery.ModDiscoverer/]: Skipping C:\Users\Charlie\.gradle\caches\modules-2\files-2.1\cpw.mods\modlauncher\11.0.5\b8f0d49294f733fdb6173931b263553e943dc950\modlauncher-11.0.5.jar because it was already located earlier
[13Sep2026 14:07:25.958] [main/DEBUG] [net.neoforged.fml.loading.moddiscovery.ModDiscoverer/]: Skipping C:\Users\Charlie\.gradle\caches\modules-2\files-2.1\net.neoforged\mergetool\2.0.0\52fe1949be64e3303aabaaa21e315f551db9c9f4\mergetool-2.0.0-api.jar because it was already located earlier
[13Sep2026 14:07:25.958] [main/DEBUG] [net.neoforged.fml.loading.moddiscovery.ModDiscoverer/]: Skipping C:\Users\Charlie\.gradle\caches\modules-2\files-2.1\com.electronwill.night-config\toml\3.8.3\90b2fd6efcb4a7d5b9810cf78f9d824994d717f2\toml-3.8.3.jar because it was already located earlier
[13Sep2026 14:07:25.958] [main/DEBUG] [net.neoforged.fml.loading.moddiscovery.ModDiscoverer/]: Skipping C:\Users\Charlie\.gradle\caches\modules-2\files-2.1\com.electronwill.night-config\core\3.8.3\b442a95f09e349927f5a945ecb594455870fcf4f\core-3.8.3.jar because it was already located earlier
[13Sep2026 14:07:25.958] [main/DEBUG] [net.neoforged.fml.loading.moddiscovery.ModDiscoverer/]: Skipping C:\Users\Charlie\.gradle\caches\modules-2\files-2.1\net.neoforged\JarJarSelector\0.4.1\fb3cc7a58af22ad2880adb98af6d518128c47dae\JarJarSelector-0.4.1.jar because it was already located earlier
[13Sep2026 14:07:25.958] [main/DEBUG] [net.neoforged.fml.loading.moddiscovery.ModDiscoverer/]: Skipping C:\Users\Charlie\.gradle\caches\modules-2\files-2.1\net.neoforged\JarJarMetadata\0.4.1\f8da03683dc81694556dc3e177c5e3bb77ae6fcb\JarJarMetadata-0.4.1.jar because it was already located earlier
[13Sep2026 14:07:25.958] [main/DEBUG] [net.neoforged.fml.loading.moddiscovery.ModDiscoverer/]: Skipping C:\Users\Charlie\.gradle\caches\modules-2\files-2.1\org.apache.maven\maven-artifact\3.8.5\4433f50c07debefaed0553bd0068f4f48d449313\maven-artifact-3.8.5.jar because it was already located earlier
[13Sep2026 14:07:25.958] [main/DEBUG] [net.neoforged.fml.loading.moddiscovery.ModDiscoverer/]: Skipping C:\Users\Charlie\.gradle\caches\modules-2\files-2.1\net.jodah\typetools\0.6.3\a01aaa6ddaea9ec07ec4f209487b7a46a526283a\typetools-0.6.3.jar because it was already located earlier
[13Sep2026 14:07:25.958] [main/DEBUG] [net.neoforged.fml.loading.moddiscovery.ModDiscoverer/]: Skipping C:\Users\Charlie\.gradle\caches\modules-2\files-2.1\net.minecrell\terminalconsoleappender\1.3.0\b562e9bb61235c9520e26282cdee71f8f802d1fc\terminalconsoleappender-1.3.0.jar because it was already located earlier
[13Sep2026 14:07:25.959] [main/DEBUG] [net.neoforged.fml.loading.moddiscovery.ModDiscoverer/]: Skipping C:\Users\Charlie\.gradle\caches\modules-2\files-2.1\net.fabricmc\sponge-mixin\0.15.2+mixin.0.8.7\2af2f021d8e02a0220dc27a7a72b4666d66d44ca\sponge-mixin-0.15.2+mixin.0.8.7.jar because it was already located earlier
[13Sep2026 14:07:25.959] [main/DEBUG] [net.neoforged.fml.loading.moddiscovery.ModDiscoverer/]: Skipping C:\Users\Charlie\.gradle\caches\modules-2\files-2.1\org.openjdk.nashorn\nashorn-core\15.4\f67f5ffaa5f5130cf6fb9b133da00c7df3b532a5\nashorn-core-15.4.jar because it was already located earlier
[13Sep2026 14:07:25.959] [main/DEBUG] [net.neoforged.fml.loading.moddiscovery.ModDiscoverer/]: Skipping C:\Users\Charlie\.gradle\caches\modules-2\files-2.1\org.apache.commons\commons-lang3\3.14.0\1ed471194b02f2c6cb734a0cd6f6f107c673afae\commons-lang3-3.14.0.jar because it was already located earlier
[13Sep2026 14:07:25.959] [main/DEBUG] [net.neoforged.fml.loading.moddiscovery.ModDiscoverer/]: Skipping C:\Users\Charlie\.gradle\caches\modules-2\files-2.1\net.sf.jopt-simple\jopt-simple\5.0.4\4fdac2fbe92dfad86aa6e9301736f6b4342a3f5c\jopt-simple-5.0.4.jar because it was already located earlier
[13Sep2026 14:07:25.959] [main/DEBUG] [net.neoforged.fml.loading.moddiscovery.ModDiscoverer/]: Skipping C:\Users\Charlie\.gradle\caches\modules-2\files-2.1\commons-io\commons-io\2.15.1\f11560da189ab563a5c8e351941415430e9304ea\commons-io-2.15.1.jar because it was already located earlier
[13Sep2026 14:07:25.959] [main/DEBUG] [net.neoforged.fml.loading.moddiscovery.ModDiscoverer/]: Skipping C:\Users\Charlie\.gradle\caches\modules-2\files-2.1\com.mojang\logging\1.2.7\24cb95ffb0e3433fd6e844c04e68009e504ca1c0\logging-1.2.7.jar because it was already located earlier
[13Sep2026 14:07:25.959] [main/DEBUG] [net.neoforged.fml.loading.moddiscovery.ModDiscoverer/]: Skipping C:\Users\Charlie\.gradle\caches\modules-2\files-2.1\org.apache.logging.log4j\log4j-slf4j2-impl\2.22.1\d7e6693c2606cb7e7335047d7bb96dec52db5665\log4j-slf4j2-impl-2.22.1.jar because it was already located earlier
[13Sep2026 14:07:25.959] [main/DEBUG] [net.neoforged.fml.loading.moddiscovery.ModDiscoverer/]: Skipping C:\Users\Charlie\.gradle\caches\modules-2\files-2.1\org.apache.logging.log4j\log4j-core\2.22.1\7183a25510a02ad00cc6a95d3b3d2a7d3c5a8dc4\log4j-core-2.22.1.jar because it was already located earlier
[13Sep2026 14:07:25.960] [main/DEBUG] [net.neoforged.fml.loading.moddiscovery.ModDiscoverer/]: Skipping C:\Users\Charlie\.gradle\caches\modules-2\files-2.1\org.apache.logging.log4j\log4j-api\2.22.1\bea6fede6328fabafd7e68363161a7ea6605abd1\log4j-api-2.22.1.jar because it was already located earlier
[13Sep2026 14:07:25.960] [main/DEBUG] [net.neoforged.fml.loading.moddiscovery.ModDiscoverer/]: Skipping C:\Users\Charlie\.gradle\caches\modules-2\files-2.1\com.google.guava\guava\32.1.2-jre\5e64ec7e056456bef3a4bc4c6fdaef71e8ab6318\guava-32.1.2-jre.jar because it was already located earlier
[13Sep2026 14:07:25.960] [main/DEBUG] [net.neoforged.fml.loading.moddiscovery.ModDiscoverer/]: Skipping C:\Users\Charlie\.gradle\caches\modules-2\files-2.1\com.google.code.gson\gson\2.10.1\b3add478d4382b78ea20b1671390a858002feb6c\gson-2.10.1.jar because it was already located earlier
[13Sep2026 14:07:25.960] [main/DEBUG] [net.neoforged.fml.loading.moddiscovery.ModDiscoverer/]: Skipping C:\Users\Charlie\.gradle\caches\modules-2\files-2.1\org.slf4j\slf4j-api\2.0.9\7cf2726fdcfbc8610f9a71fb3ed639871f315340\slf4j-api-2.0.9.jar because it was already located earlier
[13Sep2026 14:07:25.960] [main/DEBUG] [net.neoforged.fml.loading.moddiscovery.ModDiscoverer/]: Skipping C:\Users\Charlie\.gradle\caches\modules-2\files-2.1\org.antlr\antlr4-runtime\4.13.1\17125bae1d965624e265ef49552f6465a2bfa307\antlr4-runtime-4.13.1.jar because it was already located earlier
[13Sep2026 14:07:25.960] [main/DEBUG] [net.neoforged.fml.loading.moddiscovery.ModDiscoverer/]: Skipping C:\Users\Charlie\.gradle\caches\modules-2\files-2.1\net.minecraftforge\srgutils\0.4.15\ca408b131759478f164e010fae0d73997e125fb5\srgutils-0.4.15.jar because it was already located earlier
[13Sep2026 14:07:25.960] [main/DEBUG] [net.neoforged.fml.loading.moddiscovery.ModDiscoverer/]: Skipping C:\Users\Charlie\.gradle\caches\modules-2\files-2.1\org.codehaus.plexus\plexus-utils\3.3.0\cf43b5391de623b36fe066a21127baef82c64022\plexus-utils-3.3.0.jar because it was already located earlier
[13Sep2026 14:07:25.961] [main/DEBUG] [net.neoforged.fml.loading.moddiscovery.ModDiscoverer/]: Skipping C:\Users\Charlie\.gradle\caches\modules-2\files-2.1\org.jline\jline-reader\3.20.0\8f15415b022a25b473e8e16c28ae913186ffb9c4\jline-reader-3.20.0.jar because it was already located earlier
[13Sep2026 14:07:25.961] [main/DEBUG] [net.neoforged.fml.loading.moddiscovery.ModDiscoverer/]: Skipping C:\Users\Charlie\.gradle\caches\modules-2\files-2.1\com.machinezoo.noexception\noexception\1.7.1\b65330c98e38a1f915fa54a6e5eca496505e3f0a\noexception-1.7.1.jar because it was already located earlier
[13Sep2026 14:07:25.961] [main/DEBUG] [net.neoforged.fml.loading.moddiscovery.ModDiscoverer/]: Skipping C:\Users\Charlie\.gradle\caches\modules-2\files-2.1\com.github.oshi\oshi-core\6.4.10\b1d8ab82d11d92fd639b56d639f8f46f739dd5fa\oshi-core-6.4.10.jar because it was already located earlier
[13Sep2026 14:07:25.961] [main/DEBUG] [net.neoforged.fml.loading.moddiscovery.ModDiscoverer/]: Skipping C:\Users\Charlie\.gradle\caches\modules-2\files-2.1\com.google.guava\failureaccess\1.0.1\1dcf1de382a0bf95a3d8b0849546c88bac1292c9\failureaccess-1.0.1.jar because it was already located earlier
[13Sep2026 14:07:25.961] [main/DEBUG] [net.neoforged.fml.loading.moddiscovery.ModDiscoverer/]: Skipping C:\Users\Charlie\.gradle\caches\modules-2\files-2.1\com.ibm.icu\icu4j\73.2\61ad4ef7f9131fcf6d25c34b817f90d6da06c9e9\icu4j-73.2.jar because it was already located earlier
[13Sep2026 14:07:25.961] [main/DEBUG] [net.neoforged.fml.loading.moddiscovery.ModDiscoverer/]: Skipping C:\Users\Charlie\.gradle\caches\modules-2\files-2.1\com.mojang\authlib\6.0.54\de8bc95660e1b2fe8793fd427a7a10dcec5b3ea7\authlib-6.0.54.jar because it was already located earlier
[13Sep2026 14:07:25.961] [main/DEBUG] [net.neoforged.fml.loading.moddiscovery.ModDiscoverer/]: Skipping C:\Users\Charlie\.gradle\caches\modules-2\files-2.1\com.mojang\blocklist\1.0.10\5c685c5ffa94c4cd39496c7184c1d122e515ecef\blocklist-1.0.10.jar because it was already located earlier
[13Sep2026 14:07:25.961] [main/DEBUG] [net.neoforged.fml.loading.moddiscovery.ModDiscoverer/]: Skipping C:\Users\Charlie\.gradle\caches\modules-2\files-2.1\com.mojang\brigadier\1.3.10\d15b53a14cf20fdcaa98f731af5dda654452c010\brigadier-1.3.10.jar because it was already located earlier
[13Sep2026 14:07:25.962] [main/DEBUG] [net.neoforged.fml.loading.moddiscovery.ModDiscoverer/]: Skipping C:\Users\Charlie\.gradle\caches\modules-2\files-2.1\com.mojang\datafixerupper\8.0.16\67d4de6d7f95d89bcf5862995fb854ebaec02a34\datafixerupper-8.0.16.jar because it was already located earlier
[13Sep2026 14:07:25.962] [main/DEBUG] [net.neoforged.fml.loading.moddiscovery.ModDiscoverer/]: Skipping C:\Users\Charlie\.gradle\caches\modules-2\files-2.1\com.mojang\patchy\2.2.10\da05971b07cbb379d002cf7eaec6a2048211fefc\patchy-2.2.10.jar because it was already located earlier
[13Sep2026 14:07:25.962] [main/DEBUG] [net.neoforged.fml.loading.moddiscovery.ModDiscoverer/]: Skipping C:\Users\Charlie\.gradle\caches\modules-2\files-2.1\com.mojang\text2speech\1.17.9\3cad216e3a7f0c19b4b394388bc9ffc446f13b14\text2speech-1.17.9.jar because it was already located earlier
[13Sep2026 14:07:25.962] [main/DEBUG] [net.neoforged.fml.loading.moddiscovery.ModDiscoverer/]: Skipping C:\Users\Charlie\.gradle\caches\modules-2\files-2.1\commons-codec\commons-codec\1.16.0\4e3eb3d79888d76b54e28b350915b5dc3919c9de\commons-codec-1.16.0.jar because it was already located earlier
[13Sep2026 14:07:25.962] [main/DEBUG] [net.neoforged.fml.loading.moddiscovery.ModDiscoverer/]: Skipping C:\Users\Charlie\.gradle\caches\modules-2\files-2.1\commons-logging\commons-logging\1.2\4bfc12adfe4842bf07b657f0369c4cb522955686\commons-logging-1.2.jar because it was already located earlier
[13Sep2026 14:07:25.962] [main/DEBUG] [net.neoforged.fml.loading.moddiscovery.ModDiscoverer/]: Skipping C:\Users\Charlie\.gradle\caches\modules-2\files-2.1\io.netty\netty-buffer\4.1.97.Final\f8f3d8644afa5e6e1a40a3a6aeb9d9aa970ecb4f\netty-buffer-4.1.97.Final.jar because it was already located earlier
[13Sep2026 14:07:25.962] [main/DEBUG] [net.neoforged.fml.loading.moddiscovery.ModDiscoverer/]: Skipping C:\Users\Charlie\.gradle\caches\modules-2\files-2.1\io.netty\netty-codec\4.1.97.Final\384ba4d75670befbedb45c4d3b497a93639c206d\netty-codec-4.1.97.Final.jar because it was already located earlier
[13Sep2026 14:07:25.963] [main/DEBUG] [net.neoforged.fml.loading.moddiscovery.ModDiscoverer/]: Skipping C:\Users\Charlie\.gradle\caches\modules-2\files-2.1\io.netty\netty-common\4.1.97.Final\7cceacaf11df8dc63f23d0fb58e9d4640fc88404\netty-common-4.1.97.Final.jar because it was already located earlier
[13Sep2026 14:07:25.963] [main/DEBUG] [net.neoforged.fml.loading.moddiscovery.ModDiscoverer/]: Skipping C:\Users\Charlie\.gradle\caches\modules-2\files-2.1\io.netty\netty-handler\4.1.97.Final\abb86c6906bf512bf2b797a41cd7d2e8d3cd7c36\netty-handler-4.1.97.Final.jar because it was already located earlier
[13Sep2026 14:07:25.963] [main/DEBUG] [net.neoforged.fml.loading.moddiscovery.ModDiscoverer/]: Skipping C:\Users\Charlie\.gradle\caches\modules-2\files-2.1\io.netty\netty-resolver\4.1.97.Final\cec8348108dc76c47cf87c669d514be52c922144\netty-resolver-4.1.97.Final.jar because it was already located earlier
[13Sep2026 14:07:25.963] [main/DEBUG] [net.neoforged.fml.loading.moddiscovery.ModDiscoverer/]: Skipping C:\Users\Charlie\.gradle\caches\modules-2\files-2.1\io.netty\netty-transport-classes-epoll\4.1.97.Final\795da37ded759e862457a82d9d92c4d39ce8ecee\netty-transport-classes-epoll-4.1.97.Final.jar because it was already located earlier
[13Sep2026 14:07:25.963] [main/DEBUG] [net.neoforged.fml.loading.moddiscovery.ModDiscoverer/]: Skipping C:\Users\Charlie\.gradle\caches\modules-2\files-2.1\io.netty\netty-transport-native-unix-common\4.1.97.Final\d469d84265ab70095b01b40886cabdd433b6e664\netty-transport-native-unix-common-4.1.97.Final.jar because it was already located earlier
[13Sep2026 14:07:25.963] [main/DEBUG] [net.neoforged.fml.loading.moddiscovery.ModDiscoverer/]: Skipping C:\Users\Charlie\.gradle\caches\modules-2\files-2.1\io.netty\netty-transport\4.1.97.Final\f37380d23c9bb079bc702910833b2fd532c9abd0\netty-transport-4.1.97.Final.jar because it was already located earlier
[13Sep2026 14:07:25.963] [main/DEBUG] [net.neoforged.fml.loading.moddiscovery.ModDiscoverer/]: Skipping C:\Users\Charlie\.gradle\caches\modules-2\files-2.1\it.unimi.dsi\fastutil\8.5.12\c24946d46824bd528054bface3231d2ecb7e95e8\fastutil-8.5.12.jar because it was already located earlier
[13Sep2026 14:07:25.963] [main/DEBUG] [net.neoforged.fml.loading.moddiscovery.ModDiscoverer/]: Skipping C:\Users\Charlie\.gradle\caches\modules-2\files-2.1\net.java.dev.jna\jna-platform\5.14.0\28934d48aed814f11e4c584da55c49fa7032b31b\jna-platform-5.14.0.jar because it was already located earlier
[13Sep2026 14:07:25.963] [main/DEBUG] [net.neoforged.fml.loading.moddiscovery.ModDiscoverer/]: Skipping C:\Users\Charlie\.gradle\caches\modules-2\files-2.1\net.java.dev.jna\jna\5.14.0\67bf3eaea4f0718cb376a181a629e5f88fa1c9dd\jna-5.14.0.jar because it was already located earlier
[13Sep2026 14:07:25.964] [main/DEBUG] [net.neoforged.fml.loading.moddiscovery.ModDiscoverer/]: Skipping C:\Users\Charlie\.gradle\caches\modules-2\files-2.1\org.apache.commons\commons-compress\1.26.0\659feffdd12280201c8aacb8f7be94f9a883c824\commons-compress-1.26.0.jar because it was already located earlier
[13Sep2026 14:07:25.964] [main/DEBUG] [net.neoforged.fml.loading.moddiscovery.ModDiscoverer/]: Skipping C:\Users\Charlie\.gradle\caches\modules-2\files-2.1\org.apache.httpcomponents\httpclient\4.5.13\e5f6cae5ca7ecaac1ec2827a9e2d65ae2869cada\httpclient-4.5.13.jar because it was already located earlier
[13Sep2026 14:07:25.964] [main/DEBUG] [net.neoforged.fml.loading.moddiscovery.ModDiscoverer/]: Skipping C:\Users\Charlie\.gradle\caches\modules-2\files-2.1\org.apache.httpcomponents\httpcore\4.4.16\51cf043c87253c9f58b539c9f7e44c8894223850\httpcore-4.4.16.jar because it was already located earlier
[13Sep2026 14:07:25.964] [main/DEBUG] [net.neoforged.fml.loading.moddiscovery.ModDiscoverer/]: Skipping C:\Users\Charlie\.gradle\caches\modules-2\files-2.1\org.jcraft\jorbis\0.0.17\8872d22b293e8f5d7d56ff92be966e6dc28ebdc6\jorbis-0.0.17.jar because it was already located earlier
[13Sep2026 14:07:25.964] [main/DEBUG] [net.neoforged.fml.loading.moddiscovery.ModDiscoverer/]: Skipping C:\Users\Charlie\.gradle\caches\modules-2\files-2.1\org.joml\joml\1.10.5\22566d58af70ad3d72308bab63b8339906deb649\joml-1.10.5.jar because it was already located earlier
[13Sep2026 14:07:25.964] [main/DEBUG] [net.neoforged.fml.loading.moddiscovery.ModDiscoverer/]: Skipping C:\Users\Charlie\.gradle\caches\modules-2\files-2.1\org.lwjgl\lwjgl-freetype\3.3.3\a0db6c84a8becc8ca05f9dbfa985edc348a824c7\lwjgl-freetype-3.3.3.jar because it was already located earlier
[13Sep2026 14:07:25.973] [main/DEBUG] [net.neoforged.fml.loading.moddiscovery.ModDiscoverer/]: Skipping C:\Users\Charlie\.gradle\caches\modules-2\files-2.1\org.lwjgl\lwjgl-freetype\3.3.3\15a8c1de7f51d07a92eae7ce1222557073a0c0c3\lwjgl-freetype-3.3.3-natives-windows-x86.jar because it was already located earlier
[13Sep2026 14:07:25.973] [main/DEBUG] [net.neoforged.fml.loading.moddiscovery.ModDiscoverer/]: Skipping C:\Users\Charlie\.gradle\caches\modules-2\files-2.1\org.lwjgl\lwjgl-glfw\3.3.3\efa1eb78c5ccd840e9f329717109b5e892d72f8e\lwjgl-glfw-3.3.3.jar because it was already located earlier
[13Sep2026 14:07:25.981] [main/DEBUG] [net.neoforged.fml.loading.moddiscovery.ModDiscoverer/]: Skipping C:\Users\Charlie\.gradle\caches\modules-2\files-2.1\org.lwjgl\lwjgl-glfw\3.3.3\32334f3fd5270a59bad9939a93115acb6de36dcf\lwjgl-glfw-3.3.3-natives-windows-x86.jar because it was already located earlier
[13Sep2026 14:07:25.981] [main/DEBUG] [net.neoforged.fml.loading.moddiscovery.ModDiscoverer/]: Skipping C:\Users\Charlie\.gradle\caches\modules-2\files-2.1\org.lwjgl\lwjgl-jemalloc\3.3.3\b543467b7ff3c6920539a88ee602d34098628be5\lwjgl-jemalloc-3.3.3.jar because it was already located earlier
[13Sep2026 14:07:25.981] [main/DEBUG] [net.neoforged.fml.loading.moddiscovery.ModDiscoverer/]: Skipping C:\Users\Charlie\.gradle\caches\modules-2\files-2.1\org.lwjgl\lwjgl-jemalloc\3.3.3\426222fc027602a5f21b9c0fe79cde6a4c7a011f\lwjgl-jemalloc-3.3.3-natives-windows.jar because it was already located earlier
[13Sep2026 14:07:25.989] [main/DEBUG] [net.neoforged.fml.loading.moddiscovery.ModDiscoverer/]: Skipping C:\Users\Charlie\.gradle\caches\modules-2\files-2.1\org.lwjgl\lwjgl-openal\3.3.3\daada81ceb5fc0c291fbfdd4433cb8d9423577f2\lwjgl-openal-3.3.3.jar because it was already located earlier
[13Sep2026 14:07:25.997] [main/DEBUG] [net.neoforged.fml.loading.moddiscovery.ModDiscoverer/]: Skipping C:\Users\Charlie\.gradle\caches\modules-2\files-2.1\org.lwjgl\lwjgl-openal\3.3.3\87b8d5050e3adb46bb58fe1cb2669a4a48fce10d\lwjgl-openal-3.3.3-natives-windows-x86.jar because it was already located earlier
[13Sep2026 14:07:25.997] [main/DEBUG] [net.neoforged.fml.loading.moddiscovery.ModDiscoverer/]: Skipping C:\Users\Charlie\.gradle\caches\modules-2\files-2.1\org.lwjgl\lwjgl-opengl\3.3.3\2f6b0147078396a58979125a4c947664e98293a\lwjgl-opengl-3.3.3.jar because it was already located earlier
[13Sep2026 14:07:26.001] [main/DEBUG] [net.neoforged.fml.loading.moddiscovery.ModDiscoverer/]: Skipping C:\Users\Charlie\.gradle\caches\modules-2\files-2.1\org.lwjgl\lwjgl-opengl\3.3.3\65e956d3735a1abdc82eff4baec1b61174697d4b\lwjgl-opengl-3.3.3-natives-windows-arm64.jar because it was already located earlier
[13Sep2026 14:07:26.005] [main/DEBUG] [net.neoforged.fml.loading.moddiscovery.ModDiscoverer/]: Skipping C:\Users\Charlie\.gradle\caches\modules-2\files-2.1\org.lwjgl\lwjgl-stb\3.3.3\25dd6161988d7e65f71d5065c99902402ee32746\lwjgl-stb-3.3.3.jar because it was already located earlier
[13Sep2026 14:07:26.005] [main/DEBUG] [net.neoforged.fml.loading.moddiscovery.ModDiscoverer/]: Skipping C:\Users\Charlie\.gradle\caches\modules-2\files-2.1\org.lwjgl\lwjgl-stb\3.3.3\1d9facdf6541de114b0f963be33505b7679c78cb\lwjgl-stb-3.3.3-natives-windows.jar because it was already located earlier
[13Sep2026 14:07:26.013] [main/DEBUG] [net.neoforged.fml.loading.moddiscovery.ModDiscoverer/]: Skipping C:\Users\Charlie\.gradle\caches\modules-2\files-2.1\org.lwjgl\lwjgl-tinyfd\3.3.3\82d755ca94b102e9ca77283b9e2dc46d1b15fbe5\lwjgl-tinyfd-3.3.3.jar because it was already located earlier
[13Sep2026 14:07:26.014] [main/DEBUG] [net.neoforged.fml.loading.moddiscovery.ModDiscoverer/]: Skipping C:\Users\Charlie\.gradle\caches\modules-2\files-2.1\org.lwjgl\lwjgl-tinyfd\3.3.3\a6697981b0449a5087c1d546fc08b4f73e8f98c9\lwjgl-tinyfd-3.3.3-natives-windows.jar because it was already located earlier
[13Sep2026 14:07:26.022] [main/DEBUG] [net.neoforged.fml.loading.moddiscovery.ModDiscoverer/]: Skipping C:\Users\Charlie\.gradle\caches\modules-2\files-2.1\org.lwjgl\lwjgl\3.3.3\29589b5f87ed335a6c7e7ee6a5775f81f97ecb84\lwjgl-3.3.3.jar because it was already located earlier
[13Sep2026 14:07:26.032] [main/DEBUG] [net.neoforged.fml.loading.moddiscovery.ModDiscoverer/]: Skipping C:\Users\Charlie\.gradle\caches\modules-2\files-2.1\org.lwjgl\lwjgl\3.3.3\9e670718e050aeaeea0c2d5b907cffb142f2e58f\lwjgl-3.3.3-natives-windows-x86.jar because it was already located earlier
[13Sep2026 14:07:26.032] [main/DEBUG] [net.neoforged.fml.loading.moddiscovery.ModDiscoverer/]: Skipping C:\Users\Charlie\.gradle\caches\modules-2\files-2.1\org.lz4\lz4-java\1.8.0\4b986a99445e49ea5fbf5d149c4b63f6ed6c6780\lz4-java-1.8.0.jar because it was already located earlier
[13Sep2026 14:07:26.032] [main/DEBUG] [net.neoforged.fml.loading.moddiscovery.ModDiscoverer/]: Skipping C:\Users\Charlie\.gradle\caches\modules-2\files-2.1\org.jline\jline-terminal\3.20.0\d0ddcc708ddf527a3454c941b7b9225cc83a15ff\jline-terminal-3.20.0.jar because it was already located earlier
[13Sep2026 14:07:26.032] [main/DEBUG] [net.neoforged.fml.loading.moddiscovery.ModDiscoverer/]: Skipping C:\Users\Charlie\.gradle\caches\modules-2\files-2.1\com.google.guava\listenablefuture\9999.0-empty-to-avoid-conflict-with-guava\b421526c5f297295adef1c886e5246c39d4ac629\listenablefuture-9999.0-empty-to-avoid-conflict-with-guava.jar because it was already located earlier
[13Sep2026 14:07:26.033] [main/DEBUG] [net.neoforged.fml.loading.moddiscovery.ModDiscoverer/]: Skipping C:\Users\Charlie\.gradle\caches\modules-2\files-2.1\com.google.code.findbugs\jsr305\3.0.2\25ea2e8b0c338a877313bd4672d3fe056ea78f0d\jsr305-3.0.2.jar because it was already located earlier
[13Sep2026 14:07:26.033] [main/DEBUG] [net.neoforged.fml.loading.moddiscovery.ModDiscoverer/]: Skipping C:\Users\Charlie\.gradle\caches\modules-2\files-2.1\org.checkerframework\checker-qual\3.33.0\de2b60b62da487644fc11f734e73c8b0b431238f\checker-qual-3.33.0.jar because it was already located earlier
[13Sep2026 14:07:26.033] [main/DEBUG] [net.neoforged.fml.loading.moddiscovery.ModDiscoverer/]: Skipping C:\Users\Charlie\.gradle\caches\modules-2\files-2.1\com.google.errorprone\error_prone_annotations\2.18.0\89b684257096f548fa39a7df9fdaa409d4d4df91\error_prone_annotations-2.18.0.jar because it was already located earlier
[13Sep2026 14:07:26.033] [main/DEBUG] [net.neoforged.fml.loading.moddiscovery.ModDiscoverer/]: Skipping C:\Users\Charlie\.gradle\caches\modules-2\files-2.1\com.google.j2objc\j2objc-annotations\2.8\c85270e307e7b822f1086b93689124b89768e273\j2objc-annotations-2.8.jar because it was already located earlier
[13Sep2026 14:07:26.035] [main/DEBUG] [net.neoforged.fml.loading.UniqueModListBuilder/]: Found 2 mods for first modid neoforge, selecting most recent based on version data
[13Sep2026 14:07:26.036] [main/DEBUG] [net.neoforged.fml.loading.UniqueModListBuilder/]: Selected file neoforge-21.1.243.jar for modid neoforge with version 21.1.243
[13Sep2026 14:07:26.160] [main/DEBUG] [net.neoforged.fml.loading.moddiscovery.ModFileParser/LOADING]: Considering mod file candidate 
[13Sep2026 14:07:26.161] [main/DEBUG] [net.neoforged.fml.loading.moddiscovery.ModFileInfo/LOADING]: Found valid mod file apollib-1.2.0-neoforge-21.1.jar with {apollib} mods - versions {1.2.0}
[13Sep2026 14:07:26.195] [main/DEBUG] [net.neoforged.fml.loading.moddiscovery.ModFileParser/LOADING]: Considering mod file candidate 
[13Sep2026 14:07:26.196] [main/DEBUG] [net.neoforged.fml.loading.moddiscovery.ModFileInfo/LOADING]: Found valid mod file apollib-1.2.0-neoforge-21.1.jar with {apollib} mods - versions {1.2.0}
[13Sep2026 14:07:26.219] [main/INFO] [net.neoforged.fml.loading.moddiscovery.locators.JarInJarDependencyLocator/]: Found 13 dependencies adding them to mods collection
[13Sep2026 14:07:26.221] [main/INFO] [net.neoforged.fml.loading.moddiscovery.ModDiscoverer/]: 
     Mod List:
		Name Version (Mod Id)

		Apollib 1.2.0 (apollib)
		Fractispheric 0.0.1 (fractispheric)
		Lithostitched 1.8.0+beta6 (lithostitched)
		Minecraft 1.21.1 (minecraft)
		MoreDensityFunctions 2.3.0 (moredensityfunctions)
		NeoForge 21.1.243 (neoforge)
		Regions Unexplored 0.6.2 (regions_unexplored)
		Structurify 2.0.35 (structurify)
		The Twilight Forest 4.8.3345 (twilightforest)
		YetAnotherConfigLib 3.8.2+1.21.1-neoforge (yet_another_config_lib_v3)
[13Sep2026 14:07:26.222] [main/DEBUG] [net.neoforged.fml.loading.moddiscovery.ModFileInfo/LOADING]: Found valid mod file neoforge-21.1.243.jar with {minecraft} mods - versions {1.21.1}
[13Sep2026 14:07:26.225] [main/DEBUG] [net.neoforged.fml.loading.moddiscovery.ModFile/LOADING]: Loading mod file C:\Users\Charlie\IdeaProjects\Fractispheric\build\moddev\artifacts\neoforge-21.1.243.jar with languages [LanguageSpec[languageName=minecraft, acceptedVersions=1]]
[13Sep2026 14:07:26.226] [main/DEBUG] [net.neoforged.fml.loading.moddiscovery.ModFileParser/LOADING]: Considering mod file candidate C:\Users\Charlie\.gradle\caches\modules-2\files-2.1\maven.modrinth\HAVlno45\iSzvhglx\4f9d99dd66dd002ce09fd57fa594f189ef6164a2\HAVlno45-iSzvhglx.jar
[13Sep2026 14:07:26.228] [main/DEBUG] [net.neoforged.fml.loading.moddiscovery.ModFileInfo/LOADING]: Found valid mod file HAVlno45-iSzvhglx.jar with {moredensityfunctions} mods - versions {2.3.0}
[13Sep2026 14:07:26.229] [main/DEBUG] [net.neoforged.fml.loading.moddiscovery.ModFile/LOADING]: Loading mod file C:\Users\Charlie\.gradle\caches\modules-2\files-2.1\maven.modrinth\HAVlno45\iSzvhglx\4f9d99dd66dd002ce09fd57fa594f189ef6164a2\HAVlno45-iSzvhglx.jar with languages [LanguageSpec[languageName=javafml, acceptedVersions=[4,)]]
[13Sep2026 14:07:26.229] [main/DEBUG] [net.neoforged.fml.loading.moddiscovery.ModFile/LOADING]: Found mixin config MixinConfig[config=moredensityfunctions.mixins.json, requiredMods=[]]
[13Sep2026 14:07:26.230] [main/DEBUG] [net.neoforged.fml.loading.moddiscovery.ModFile/LOADING]: Found mixin config MixinConfig[config=moredensityfunctions.neoforge.mixins.json, requiredMods=[]]
[13Sep2026 14:07:26.230] [main/DEBUG] [net.neoforged.fml.loading.moddiscovery.ModFileParser/LOADING]: Considering mod file candidate C:\Users\Charlie\.gradle\caches\modules-2\files-2.1\curse.maven\regions-unexplored-659110\8419667\122586c147f0aa1efdc655792b6ef24aebbbba84\regions-unexplored-659110-8419667.jar
[13Sep2026 14:07:26.231] [main/DEBUG] [net.neoforged.fml.loading.moddiscovery.ModFileInfo/LOADING]: Found valid mod file regions-unexplored-659110-8419667.jar with {regions_unexplored} mods - versions {0.6.2}
[13Sep2026 14:07:26.232] [main/DEBUG] [net.neoforged.fml.loading.moddiscovery.ModFile/LOADING]: Loading mod file C:\Users\Charlie\.gradle\caches\modules-2\files-2.1\curse.maven\regions-unexplored-659110\8419667\122586c147f0aa1efdc655792b6ef24aebbbba84\regions-unexplored-659110-8419667.jar with languages [LanguageSpec[languageName=javafml, acceptedVersions=[1,)]]
[13Sep2026 14:07:26.232] [main/DEBUG] [net.neoforged.fml.loading.moddiscovery.ModFile/LOADING]: Found mixin config MixinConfig[config=regions_unexplored.mixins.json, requiredMods=[]]
[13Sep2026 14:07:26.232] [main/DEBUG] [net.neoforged.fml.loading.moddiscovery.ModFile/LOADING]: Found mixin config MixinConfig[config=regions_unexplored.neoforge.mixins.json, requiredMods=[]]
[13Sep2026 14:07:26.232] [main/DEBUG] [net.neoforged.fml.loading.moddiscovery.ModFileParser/LOADING]: Considering mod file candidate C:\Users\Charlie\.gradle\caches\modules-2\files-2.1\curse.maven\structurify-1087551\8794973\158b5b1d0fcdd4d931dd8ba8b35258f941343235\structurify-1087551-8794973.jar
[13Sep2026 14:07:26.234] [main/DEBUG] [net.neoforged.fml.loading.moddiscovery.ModFileInfo/LOADING]: Found valid mod file structurify-1087551-8794973.jar with {structurify} mods - versions {2.0.35}
[13Sep2026 14:07:26.234] [main/DEBUG] [net.neoforged.fml.loading.moddiscovery.ModFile/LOADING]: Loading mod file C:\Users\Charlie\.gradle\caches\modules-2\files-2.1\curse.maven\structurify-1087551\8794973\158b5b1d0fcdd4d931dd8ba8b35258f941343235\structurify-1087551-8794973.jar with languages [LanguageSpec[languageName=javafml, acceptedVersions=*]]
[13Sep2026 14:07:26.234] [main/DEBUG] [net.neoforged.fml.loading.moddiscovery.ModFile/LOADING]: Found mixin config MixinConfig[config=structurify-common.mixins.json, requiredMods=[]]
[13Sep2026 14:07:26.234] [main/DEBUG] [net.neoforged.fml.loading.moddiscovery.ModFile/LOADING]: Found mixin config MixinConfig[config=structurify-neoforge.mixins.json, requiredMods=[]]
[13Sep2026 14:07:26.234] [main/DEBUG] [net.neoforged.fml.loading.moddiscovery.ModFileParser/LOADING]: Considering mod file candidate C:\Users\Charlie\.gradle\caches\modules-2\files-2.1\maven.modrinth\1eAoo2KR\7TVdVtxF\fe270c9f6e0a8142cf316944087f5109cef08bbb\1eAoo2KR-7TVdVtxF.jar
[13Sep2026 14:07:26.235] [main/DEBUG] [net.neoforged.fml.loading.moddiscovery.ModFileInfo/LOADING]: Found valid mod file 1eAoo2KR-7TVdVtxF.jar with {yet_another_config_lib_v3} mods - versions {3.8.2+1.21.1-neoforge}
[13Sep2026 14:07:26.236] [main/DEBUG] [net.neoforged.fml.loading.moddiscovery.ModFile/LOADING]: Loading mod file C:\Users\Charlie\.gradle\caches\modules-2\files-2.1\maven.modrinth\1eAoo2KR\7TVdVtxF\fe270c9f6e0a8142cf316944087f5109cef08bbb\1eAoo2KR-7TVdVtxF.jar with languages [LanguageSpec[languageName=javafml, acceptedVersions=[1,)]]
[13Sep2026 14:07:26.236] [main/DEBUG] [net.neoforged.fml.loading.moddiscovery.ModFile/LOADING]: Found mixin config MixinConfig[config=yacl.mixins.json, requiredMods=[]]
[13Sep2026 14:07:26.237] [main/DEBUG] [net.neoforged.fml.loading.moddiscovery.ModFileParser/LOADING]: Considering mod file candidate C:\Users\Charlie\.gradle\caches\modules-2\files-2.1\curse.maven\lithostitched-936015\8819894\b8526bb7fcfb844ce91513ab349c408dd1a8279e\lithostitched-936015-8819894.jar
[13Sep2026 14:07:26.238] [main/DEBUG] [net.neoforged.fml.loading.moddiscovery.ModFileInfo/LOADING]: Found valid mod file lithostitched-936015-8819894.jar with {lithostitched} mods - versions {1.8.0+beta6}
[13Sep2026 14:07:26.238] [main/DEBUG] [net.neoforged.fml.loading.moddiscovery.ModFile/LOADING]: Loading mod file C:\Users\Charlie\.gradle\caches\modules-2\files-2.1\curse.maven\lithostitched-936015\8819894\b8526bb7fcfb844ce91513ab349c408dd1a8279e\lithostitched-936015-8819894.jar with languages [LanguageSpec[languageName=javafml, acceptedVersions=[1,)]]
[13Sep2026 14:07:26.238] [main/DEBUG] [net.neoforged.fml.loading.moddiscovery.ModFile/LOADING]: Found mixin config MixinConfig[config=lithostitched.mixins.json, requiredMods=[]]
[13Sep2026 14:07:26.239] [main/DEBUG] [net.neoforged.fml.loading.moddiscovery.ModFileParser/LOADING]: Considering mod file candidate 
[13Sep2026 14:07:26.240] [main/DEBUG] [net.neoforged.fml.loading.moddiscovery.ModFileInfo/LOADING]: Found valid mod file apollib-1.2.0-neoforge-21.1.jar with {apollib} mods - versions {1.2.0}
[13Sep2026 14:07:26.240] [main/DEBUG] [net.neoforged.fml.loading.moddiscovery.ModFile/LOADING]: Loading mod file  with languages [LanguageSpec[languageName=javafml, acceptedVersions=[1,)]]
[13Sep2026 14:07:26.240] [main/DEBUG] [net.neoforged.fml.loading.moddiscovery.ModFileParser/LOADING]: Considering mod file candidate C:\Users\Charlie\.gradle\caches\modules-2\files-2.1\curse.maven\the-twilight-forest-227639\7797302\9cfd4154928433e2f1f6cfc3deb48c284debb580\the-twilight-forest-227639-7797302.jar
[13Sep2026 14:07:26.242] [main/DEBUG] [net.neoforged.fml.loading.moddiscovery.ModFileInfo/LOADING]: Found valid mod file the-twilight-forest-227639-7797302.jar with {twilightforest} mods - versions {4.8.3345}
[13Sep2026 14:07:26.242] [main/DEBUG] [net.neoforged.fml.loading.moddiscovery.ModFile/LOADING]: Loading mod file C:\Users\Charlie\.gradle\caches\modules-2\files-2.1\curse.maven\the-twilight-forest-227639\7797302\9cfd4154928433e2f1f6cfc3deb48c284debb580\the-twilight-forest-227639-7797302.jar with languages [LanguageSpec[languageName=javafml, acceptedVersions=[4,)]]
[13Sep2026 14:07:26.242] [main/DEBUG] [net.neoforged.fml.loading.moddiscovery.ModFileParser/LOADING]: Considering mod file candidate C:\Users\Charlie\IdeaProjects\Fractispheric\build\moddev\artifacts\neoforge-21.1.243.jar
[13Sep2026 14:07:26.243] [main/DEBUG] [net.neoforged.fml.loading.moddiscovery.ModFileInfo/LOADING]: Found valid mod file neoforge-21.1.243.jar with {neoforge} mods - versions {21.1.243}
[13Sep2026 14:07:26.244] [main/DEBUG] [net.neoforged.fml.loading.moddiscovery.ModFile/LOADING]: Loading mod file C:\Users\Charlie\IdeaProjects\Fractispheric\build\moddev\artifacts\neoforge-21.1.243.jar with languages [LanguageSpec[languageName=javafml, acceptedVersions=[3,]]]
[13Sep2026 14:07:26.244] [main/DEBUG] [net.neoforged.fml.loading.moddiscovery.ModFile/LOADING]: Found mixin config MixinConfig[config=neoforge.mixins.json, requiredMods=[]]
[13Sep2026 14:07:26.244] [main/DEBUG] [net.neoforged.fml.loading.moddiscovery.ModFileParser/LOADING]: Considering mod file candidate C:\Users\Charlie\IdeaProjects\Fractispheric\build\classes\java\main
[13Sep2026 14:07:26.246] [main/DEBUG] [net.neoforged.fml.loading.moddiscovery.ModFileInfo/LOADING]: Found valid mod file main with {fractispheric} mods - versions {0.0.1}
[13Sep2026 14:07:26.247] [main/DEBUG] [net.neoforged.fml.loading.moddiscovery.ModFile/LOADING]: Loading mod file C:\Users\Charlie\IdeaProjects\Fractispheric\build\classes\java\main with languages [LanguageSpec[languageName=javafml, acceptedVersions=[1,)]]
[13Sep2026 14:07:26.247] [main/DEBUG] [net.neoforged.fml.loading.moddiscovery.ModFile/LOADING]: Loading mod file  with languages []
[13Sep2026 14:07:26.249] [main/DEBUG] [cpw.mods.modlauncher.TransformationServiceDecorator/MODLAUNCHER]: End scan trigger - transformation service fml
[13Sep2026 14:07:26.267] [main/DEBUG] [net.neoforged.fml.util.ServiceLoaderUtil/CORE]: Found 3 implementations of IModLanguageLoader:
[13Sep2026 14:07:26.268] [main/DEBUG] [net.neoforged.fml.util.ServiceLoaderUtil/CORE]: 	net.neoforged.fml.javafmlmod.FMLJavaModLanguageProvider from loader-4.0.43.jar
[13Sep2026 14:07:26.268] [main/DEBUG] [net.neoforged.fml.util.ServiceLoaderUtil/CORE]: 	net.neoforged.fml.lowcodemod.LowCodeModLanguageProvider from loader-4.0.43.jar
[13Sep2026 14:07:26.268] [main/DEBUG] [net.neoforged.fml.util.ServiceLoaderUtil/CORE]: 	net.neoforged.fml.mclanguageprovider.MinecraftModLanguageProvider from loader-4.0.43.jar
[13Sep2026 14:07:26.269] [main/DEBUG] [net.neoforged.fml.loading.LanguageProviderLoader/CORE]: Found language provider javafml, version 4.0.43
[13Sep2026 14:07:26.269] [main/DEBUG] [net.neoforged.fml.loading.LanguageProviderLoader/CORE]: Found language provider lowcodefml, version 4.0.43
[13Sep2026 14:07:26.270] [main/DEBUG] [net.neoforged.fml.loading.LanguageProviderLoader/CORE]: Found language provider minecraft, version 4.0.43
[13Sep2026 14:07:26.274] [main/DEBUG] [net.neoforged.fml.loading.ModSorter/]: Configured system mods: [minecraft, neoforge]
[13Sep2026 14:07:26.275] [main/DEBUG] [net.neoforged.fml.loading.ModSorter/]: Found system mod: minecraft
[13Sep2026 14:07:26.275] [main/DEBUG] [net.neoforged.fml.loading.ModSorter/]: Found system mod: neoforge
[13Sep2026 14:07:26.277] [main/DEBUG] [net.neoforged.fml.loading.ModSorter/LOADING]: Found 14 mod requirements (14 mandatory, 0 optional)
[13Sep2026 14:07:26.278] [main/DEBUG] [net.neoforged.fml.loading.ModSorter/LOADING]: Found 0 mod requirements missing (0 mandatory, 0 optional)
[13Sep2026 14:07:26.447] [main/DEBUG] [mixin/]: Adding mixin platform agents for container net.neoforged.fml.loading.mixin.FMLMixinContainerHandle@5782d777
[13Sep2026 14:07:26.447] [main/DEBUG] [mixin/]: Instancing new MixinPlatformAgentMinecraftForge for net.neoforged.fml.loading.mixin.FMLMixinContainerHandle@5782d777
[13Sep2026 14:07:26.448] [main/DEBUG] [mixin/]: MixinPlatformAgentMinecraftForge rejected container net.neoforged.fml.loading.mixin.FMLMixinContainerHandle@5782d777
[13Sep2026 14:07:26.448] [main/DEBUG] [mixin/]: Instancing new MixinPlatformAgentDefault for net.neoforged.fml.loading.mixin.FMLMixinContainerHandle@5782d777
[13Sep2026 14:07:26.448] [main/DEBUG] [mixin/]: MixinPlatformAgentDefault accepted container net.neoforged.fml.loading.mixin.FMLMixinContainerHandle@5782d777
[13Sep2026 14:07:26.448] [main/DEBUG] [mixin/]: Instancing new FMLMixinPlatformAgent for net.neoforged.fml.loading.mixin.FMLMixinContainerHandle@5782d777
[13Sep2026 14:07:26.448] [main/DEBUG] [mixin/]: FMLMixinPlatformAgent accepted container net.neoforged.fml.loading.mixin.FMLMixinContainerHandle@5782d777
[13Sep2026 14:07:26.462] [main/DEBUG] [cpw.mods.modlauncher.TransformationServicesHandler/MODLAUNCHER]: Transformation services loading transformers
[13Sep2026 14:07:26.463] [main/DEBUG] [cpw.mods.modlauncher.TransformationServiceDecorator/MODLAUNCHER]: Initializing transformers for transformation service mixin
[13Sep2026 14:07:26.464] [main/DEBUG] [cpw.mods.modlauncher.TransformationServiceDecorator/MODLAUNCHER]: Initialized transformers for transformation service mixin
[13Sep2026 14:07:26.464] [main/DEBUG] [cpw.mods.modlauncher.TransformationServiceDecorator/MODLAUNCHER]: Initializing transformers for transformation service fml
[13Sep2026 14:07:26.464] [main/DEBUG] [net.neoforged.fml.loading.FMLServiceProvider/LOADING]: Loading coremod transformers
[13Sep2026 14:07:26.465] [main/DEBUG] [net.neoforged.fml.loading.FMLServiceProvider/CORE]: Not loading coremod script-engine since no mod requested it
[13Sep2026 14:07:26.468] [main/DEBUG] [net.neoforged.fml.util.ServiceLoaderUtil/CORE]: Found 2 implementations of ICoreMod:
[13Sep2026 14:07:26.469] [main/DEBUG] [net.neoforged.fml.util.ServiceLoaderUtil/CORE]: 	twilightforest.asm.TFCoreMod from the-twilight-forest-227639-7797302.jar > s.tf-asm-4.8.3345.jar
[13Sep2026 14:07:26.469] [main/DEBUG] [net.neoforged.fml.util.ServiceLoaderUtil/CORE]: 	net.neoforged.neoforge.coremods.NeoForgeCoreMod from neoforge-21.1.243.jar > net.neoforged.neoforge-coremods-21.1.243.jar
[13Sep2026 14:07:26.558] [main/DEBUG] [net.neoforged.fml.loading.FMLServiceProvider/CORE]: Adding [Target[className=net.minecraft.world.entity.LivingEntity, elementName=getVisibilityPercent, elementDescriptor=(Lnet/minecraft/world/entity/Entity;)D, targetType=cpw.mods.modlauncher.api.TargetType@101639ae]] transformer from core-mod twilightforest.asm.TFCoreMod@418c020b in the-twilight-forest-227639-7797302.jar > s.tf-asm-4.8.3345.jar
[13Sep2026 14:07:26.559] [main/DEBUG] [net.neoforged.fml.loading.FMLServiceProvider/CORE]: Adding [Target[className=net.minecraft.client.renderer.entity.layers.HumanoidArmorLayer, elementName=renderArmorPiece, elementDescriptor=(Lcom/mojang/blaze3d/vertex/PoseStack;Lnet/minecraft/client/renderer/MultiBufferSource;Lnet/minecraft/world/entity/LivingEntity;Lnet/minecraft/world/entity/EquipmentSlot;ILnet/minecraft/client/model/HumanoidModel;FFFFFF)V, targetType=cpw.mods.modlauncher.api.TargetType@101639ae]] transformer from core-mod twilightforest.asm.TFCoreMod@418c020b in the-twilight-forest-227639-7797302.jar > s.tf-asm-4.8.3345.jar
[13Sep2026 14:07:26.559] [main/DEBUG] [net.neoforged.fml.loading.FMLServiceProvider/CORE]: Adding [Target[className=net.minecraft.client.renderer.entity.layers.ElytraLayer, elementName=shouldRender, elementDescriptor=(Lnet/minecraft/world/item/ItemStack;Lnet/minecraft/world/entity/LivingEntity;)Z, targetType=cpw.mods.modlauncher.api.TargetType@101639ae]] transformer from core-mod twilightforest.asm.TFCoreMod@418c020b in the-twilight-forest-227639-7797302.jar > s.tf-asm-4.8.3345.jar
[13Sep2026 14:07:26.559] [main/DEBUG] [net.neoforged.fml.loading.FMLServiceProvider/CORE]: Adding [Target[className=net.minecraft.client.renderer.entity.layers.CapeLayer, elementName=render, elementDescriptor=(Lcom/mojang/blaze3d/vertex/PoseStack;Lnet/minecraft/client/renderer/MultiBufferSource;ILnet/minecraft/client/player/AbstractClientPlayer;FFFFFF)V, targetType=cpw.mods.modlauncher.api.TargetType@101639ae]] transformer from core-mod twilightforest.asm.TFCoreMod@418c020b in the-twilight-forest-227639-7797302.jar > s.tf-asm-4.8.3345.jar
[13Sep2026 14:07:26.559] [main/DEBUG] [net.neoforged.fml.loading.FMLServiceProvider/CORE]: Adding [Target[className=net.minecraft.world.level.levelgen.Beardifier, elementName=, elementDescriptor=, targetType=cpw.mods.modlauncher.api.TargetType@44e3a2b2]] transformer from core-mod twilightforest.asm.TFCoreMod@418c020b in the-twilight-forest-227639-7797302.jar > s.tf-asm-4.8.3345.jar
[13Sep2026 14:07:26.560] [main/DEBUG] [net.neoforged.fml.loading.FMLServiceProvider/CORE]: Adding [Target[className=net.minecraft.world.level.levelgen.Beardifier, elementName=compute, elementDescriptor=(Lnet/minecraft/world/level/levelgen/DensityFunction$FunctionContext;)D, targetType=cpw.mods.modlauncher.api.TargetType@101639ae]] transformer from core-mod twilightforest.asm.TFCoreMod@418c020b in the-twilight-forest-227639-7797302.jar > s.tf-asm-4.8.3345.jar
[13Sep2026 14:07:26.560] [main/DEBUG] [net.neoforged.fml.loading.FMLServiceProvider/CORE]: Adding [Target[className=net.minecraft.world.level.levelgen.NoiseBasedChunkGenerator, elementName=createNoiseChunk, elementDescriptor=(Lnet/minecraft/world/level/chunk/ChunkAccess;Lnet/minecraft/world/level/StructureManager;Lnet/minecraft/world/level/levelgen/blending/Blender;Lnet/minecraft/world/level/levelgen/RandomState;)Lnet/minecraft/world/level/levelgen/NoiseChunk;, targetType=cpw.mods.modlauncher.api.TargetType@101639ae]] transformer from core-mod twilightforest.asm.TFCoreMod@418c020b in the-twilight-forest-227639-7797302.jar > s.tf-asm-4.8.3345.jar
[13Sep2026 14:07:26.560] [main/DEBUG] [net.neoforged.fml.loading.FMLServiceProvider/CORE]: Adding [Target[className=net.minecraft.world.item.WrittenBookItem, elementName=getName, elementDescriptor=(Lnet/minecraft/world/item/ItemStack;)Lnet/minecraft/network/chat/Component;, targetType=cpw.mods.modlauncher.api.TargetType@101639ae]] transformer from core-mod twilightforest.asm.TFCoreMod@418c020b in the-twilight-forest-227639-7797302.jar > s.tf-asm-4.8.3345.jar
[13Sep2026 14:07:26.560] [main/DEBUG] [net.neoforged.fml.loading.FMLServiceProvider/CORE]: Adding [Target[className=net.minecraft.world.level.block.SlimeBlock, elementName=stepOn, elementDescriptor=(Lnet/minecraft/world/level/Level;Lnet/minecraft/core/BlockPos;Lnet/minecraft/world/level/block/state/BlockState;Lnet/minecraft/world/entity/Entity;)V, targetType=cpw.mods.modlauncher.api.TargetType@101639ae]] transformer from core-mod twilightforest.asm.TFCoreMod@418c020b in the-twilight-forest-227639-7797302.jar > s.tf-asm-4.8.3345.jar
[13Sep2026 14:07:26.560] [main/DEBUG] [net.neoforged.fml.loading.FMLServiceProvider/CORE]: Adding [Target[className=net.minecraft.world.level.block.SlimeBlock, elementName=bounceUp, elementDescriptor=(Lnet/minecraft/world/entity/Entity;)V, targetType=cpw.mods.modlauncher.api.TargetType@101639ae]] transformer from core-mod twilightforest.asm.TFCoreMod@418c020b in the-twilight-forest-227639-7797302.jar > s.tf-asm-4.8.3345.jar
[13Sep2026 14:07:26.560] [main/DEBUG] [net.neoforged.fml.loading.FMLServiceProvider/CORE]: Adding [Target[className=net.neoforged.neoforge.common.extensions.IBlockExtension, elementName=getFriction, elementDescriptor=(Lnet/minecraft/world/level/block/state/BlockState;Lnet/minecraft/world/level/LevelReader;Lnet/minecraft/core/BlockPos;Lnet/minecraft/world/entity/Entity;)F, targetType=cpw.mods.modlauncher.api.TargetType@101639ae]] transformer from core-mod twilightforest.asm.TFCoreMod@418c020b in the-twilight-forest-227639-7797302.jar > s.tf-asm-4.8.3345.jar
[13Sep2026 14:07:26.561] [main/DEBUG] [net.neoforged.fml.loading.FMLServiceProvider/CORE]: Adding [Target[className=net.minecraft.world.level.chunk.status.ChunkStatusTasks, elementName=generateSurface, elementDescriptor=(Lnet/minecraft/world/level/chunk/status/WorldGenContext;Lnet/minecraft/world/level/chunk/status/ChunkStep;Lnet/minecraft/util/StaticCache2D;Lnet/minecraft/world/level/chunk/ChunkAccess;)Ljava/util/concurrent/CompletableFuture;, targetType=cpw.mods.modlauncher.api.TargetType@101639ae]] transformer from core-mod twilightforest.asm.TFCoreMod@418c020b in the-twilight-forest-227639-7797302.jar > s.tf-asm-4.8.3345.jar
[13Sep2026 14:07:26.561] [main/DEBUG] [net.neoforged.fml.loading.FMLServiceProvider/CORE]: Adding [Target[className=net.minecraft.world.level.Level, elementName=isRainingAt, elementDescriptor=(Lnet/minecraft/core/BlockPos;)Z, targetType=cpw.mods.modlauncher.api.TargetType@101639ae]] transformer from core-mod twilightforest.asm.TFCoreMod@418c020b in the-twilight-forest-227639-7797302.jar > s.tf-asm-4.8.3345.jar
[13Sep2026 14:07:26.564] [main/DEBUG] [net.neoforged.fml.loading.FMLServiceProvider/CORE]: Adding [Target[className=net.minecraft.world.level.levelgen.structure.StructureStart, elementName=loadStaticStart, elementDescriptor=(Lnet/minecraft/world/level/levelgen/structure/pieces/StructurePieceSerializationContext;Lnet/minecraft/nbt/CompoundTag;J)Lnet/minecraft/world/level/levelgen/structure/StructureStart;, targetType=cpw.mods.modlauncher.api.TargetType@101639ae]] transformer from core-mod twilightforest.asm.TFCoreMod@418c020b in the-twilight-forest-227639-7797302.jar > s.tf-asm-4.8.3345.jar
[13Sep2026 14:07:26.568] [main/DEBUG] [net.neoforged.fml.loading.FMLServiceProvider/CORE]: Adding [Target[className=net.minecraft.world.damagesource.DamageSources, elementName=playerAttack, elementDescriptor=(Lnet/minecraft/world/entity/player/Player;)Lnet/minecraft/world/damagesource/DamageSource;, targetType=cpw.mods.modlauncher.api.TargetType@101639ae], Target[className=net.minecraft.world.damagesource.DamageSources, elementName=mobAttack, elementDescriptor=(Lnet/minecraft/world/entity/LivingEntity;)Lnet/minecraft/world/damagesource/DamageSource;, targetType=cpw.mods.modlauncher.api.TargetType@101639ae]] transformer from core-mod twilightforest.asm.TFCoreMod@418c020b in the-twilight-forest-227639-7797302.jar > s.tf-asm-4.8.3345.jar
[13Sep2026 14:07:26.568] [main/DEBUG] [net.neoforged.fml.loading.FMLServiceProvider/CORE]: Adding [Target[className=net.minecraft.world.entity.LivingEntity, elementName=canStandOnFluid, elementDescriptor=(Lnet/minecraft/world/level/material/FluidState;)Z, targetType=cpw.mods.modlauncher.api.TargetType@101639ae]] transformer from core-mod twilightforest.asm.TFCoreMod@418c020b in the-twilight-forest-227639-7797302.jar > s.tf-asm-4.8.3345.jar
[13Sep2026 14:07:26.568] [main/DEBUG] [net.neoforged.fml.loading.FMLServiceProvider/CORE]: Adding [Target[className=net.minecraft.client.player.LocalPlayer, elementName=aiStep, elementDescriptor=()V, targetType=cpw.mods.modlauncher.api.TargetType@101639ae]] transformer from core-mod twilightforest.asm.TFCoreMod@418c020b in the-twilight-forest-227639-7797302.jar > s.tf-asm-4.8.3345.jar
[13Sep2026 14:07:26.569] [main/DEBUG] [net.neoforged.fml.loading.FMLServiceProvider/CORE]: Adding [Target[className=net.minecraft.world.entity.PathfinderMob, elementName=shouldStayCloseToLeashHolder, elementDescriptor=()Z, targetType=cpw.mods.modlauncher.api.TargetType@101639ae]] transformer from core-mod twilightforest.asm.TFCoreMod@418c020b in the-twilight-forest-227639-7797302.jar > s.tf-asm-4.8.3345.jar
[13Sep2026 14:07:26.569] [main/DEBUG] [net.neoforged.fml.loading.FMLServiceProvider/CORE]: Adding [Target[className=net.minecraft.world.entity.Entity, elementName=getBlockSpeedFactor, elementDescriptor=()F, targetType=cpw.mods.modlauncher.api.TargetType@101639ae], Target[className=net.minecraft.world.entity.Entity, elementName=getBlockJumpFactor, elementDescriptor=()F, targetType=cpw.mods.modlauncher.api.TargetType@101639ae]] transformer from core-mod twilightforest.asm.TFCoreMod@418c020b in the-twilight-forest-227639-7797302.jar > s.tf-asm-4.8.3345.jar
[13Sep2026 14:07:26.569] [main/DEBUG] [net.neoforged.fml.loading.FMLServiceProvider/CORE]: Adding [Target[className=net.minecraft.world.entity.Entity, elementName=move, elementDescriptor=(Lnet/minecraft/world/entity/MoverType;Lnet/minecraft/world/phys/Vec3;)V, targetType=cpw.mods.modlauncher.api.TargetType@101639ae]] transformer from core-mod twilightforest.asm.TFCoreMod@418c020b in the-twilight-forest-227639-7797302.jar > s.tf-asm-4.8.3345.jar
[13Sep2026 14:07:26.569] [main/DEBUG] [net.neoforged.fml.loading.FMLServiceProvider/CORE]: Adding [Target[className=net.minecraft.client.renderer.BiomeColors, elementName=lambda$static$0, elementDescriptor=(Lnet/minecraft/world/level/biome/Biome;DD)I, targetType=cpw.mods.modlauncher.api.TargetType@101639ae]] transformer from core-mod twilightforest.asm.TFCoreMod@418c020b in the-twilight-forest-227639-7797302.jar > s.tf-asm-4.8.3345.jar
[13Sep2026 14:07:26.569] [main/DEBUG] [net.neoforged.fml.loading.FMLServiceProvider/CORE]: Adding [Target[className=net.minecraft.world.entity.decoration.LeashFenceKnotEntity, elementName=survives, elementDescriptor=()Z, targetType=cpw.mods.modlauncher.api.TargetType@101639ae]] transformer from core-mod twilightforest.asm.TFCoreMod@418c020b in the-twilight-forest-227639-7797302.jar > s.tf-asm-4.8.3345.jar
[13Sep2026 14:07:26.569] [main/DEBUG] [net.neoforged.fml.loading.FMLServiceProvider/CORE]: Adding [Target[className=net.minecraft.world.level.chunk.ChunkGenerator, elementName=findNearestMapStructure, elementDescriptor=(Lnet/minecraft/server/level/ServerLevel;Lnet/minecraft/core/HolderSet;Lnet/minecraft/core/BlockPos;IZ)Lcom/mojang/datafixers/util/Pair;, targetType=cpw.mods.modlauncher.api.TargetType@101639ae]] transformer from core-mod twilightforest.asm.TFCoreMod@418c020b in the-twilight-forest-227639-7797302.jar > s.tf-asm-4.8.3345.jar
[13Sep2026 14:07:26.570] [main/DEBUG] [net.neoforged.fml.loading.FMLServiceProvider/CORE]: Adding [Target[className=net.minecraft.world.level.saveddata.maps.MapItemSavedData, elementName=tickCarriedBy, elementDescriptor=(Lnet/minecraft/world/entity/player/Player;Lnet/minecraft/world/item/ItemStack;)V, targetType=cpw.mods.modlauncher.api.TargetType@101639ae]] transformer from core-mod twilightforest.asm.TFCoreMod@418c020b in the-twilight-forest-227639-7797302.jar > s.tf-asm-4.8.3345.jar
[13Sep2026 14:07:26.570] [main/DEBUG] [net.neoforged.fml.loading.FMLServiceProvider/CORE]: Adding [Target[className=net.minecraft.client.renderer.LevelRenderer, elementName=renderLevel, elementDescriptor=(Lnet/minecraft/client/DeltaTracker;ZLnet/minecraft/client/Camera;Lnet/minecraft/client/renderer/GameRenderer;Lnet/minecraft/client/renderer/LightTexture;Lorg/joml/Matrix4f;Lorg/joml/Matrix4f;)V, targetType=cpw.mods.modlauncher.api.TargetType@101639ae]] transformer from core-mod twilightforest.asm.TFCoreMod@418c020b in the-twilight-forest-227639-7797302.jar > s.tf-asm-4.8.3345.jar
[13Sep2026 14:07:26.574] [main/DEBUG] [net.neoforged.fml.loading.FMLServiceProvider/CORE]: Adding [Target[className=net.minecraft.client.renderer.entity.EntityRenderDispatcher, elementName=getRenderer, elementDescriptor=(Lnet/minecraft/world/entity/Entity;)Lnet/minecraft/client/renderer/entity/EntityRenderer;, targetType=cpw.mods.modlauncher.api.TargetType@101639ae]] transformer from core-mod twilightforest.asm.TFCoreMod@418c020b in the-twilight-forest-227639-7797302.jar > s.tf-asm-4.8.3345.jar
[13Sep2026 14:07:26.574] [main/DEBUG] [net.neoforged.fml.loading.FMLServiceProvider/CORE]: Adding [Target[className=net.minecraft.server.level.ServerEntity, elementName=sendDirtyEntityData, elementDescriptor=()V, targetType=cpw.mods.modlauncher.api.TargetType@101639ae]] transformer from core-mod twilightforest.asm.TFCoreMod@418c020b in the-twilight-forest-227639-7797302.jar > s.tf-asm-4.8.3345.jar
[13Sep2026 14:07:26.574] [main/DEBUG] [net.neoforged.fml.loading.FMLServiceProvider/CORE]: Adding [Target[className=net/minecraft/client/player/AbstractClientPlayer, elementName=getFieldOfViewModifier, elementDescriptor=()F, targetType=cpw.mods.modlauncher.api.TargetType@101639ae]] transformer from core-mod twilightforest.asm.TFCoreMod@418c020b in the-twilight-forest-227639-7797302.jar > s.tf-asm-4.8.3345.jar
[13Sep2026 14:07:26.574] [main/DEBUG] [net.neoforged.fml.loading.FMLServiceProvider/CORE]: Adding [Target[className=net/minecraft/world/entity/player/Player, elementName=jumpFromGround, elementDescriptor=()V, targetType=cpw.mods.modlauncher.api.TargetType@101639ae], Target[className=net/minecraft/server/level/ServerPlayer, elementName=checkMovementStatistics, elementDescriptor=(DDD)V, targetType=cpw.mods.modlauncher.api.TargetType@101639ae]] transformer from core-mod twilightforest.asm.TFCoreMod@418c020b in the-twilight-forest-227639-7797302.jar > s.tf-asm-4.8.3345.jar
[13Sep2026 14:07:26.575] [main/DEBUG] [net.neoforged.fml.loading.FMLServiceProvider/CORE]: Adding [Target[className=net.minecraft.world.level.block.MushroomBlock, elementName=canSurvive, elementDescriptor=(Lnet/minecraft/world/level/block/state/BlockState;Lnet/minecraft/world/level/LevelReader;Lnet/minecraft/core/BlockPos;)Z, targetType=cpw.mods.modlauncher.api.TargetType@101639ae]] transformer from core-mod twilightforest.asm.TFCoreMod@418c020b in the-twilight-forest-227639-7797302.jar > s.tf-asm-4.8.3345.jar
[13Sep2026 14:07:26.575] [main/DEBUG] [net.neoforged.fml.loading.FMLServiceProvider/CORE]: Adding [Target[className=net.minecraft.world.level.block.SnowyDirtBlock, elementName=isSnowySetting, elementDescriptor=(Lnet/minecraft/world/level/block/state/BlockState;)Z, targetType=cpw.mods.modlauncher.api.TargetType@101639ae]] transformer from core-mod twilightforest.asm.TFCoreMod@418c020b in the-twilight-forest-227639-7797302.jar > s.tf-asm-4.8.3345.jar
[13Sep2026 14:07:26.580] [main/DEBUG] [net.neoforged.fml.loading.FMLServiceProvider/CORE]: Adding [Target[className=net.minecraft.world.level.biome.Biome, elementName=, elementDescriptor=, targetType=cpw.mods.modlauncher.api.TargetType@44e3a2b2]] transformer from core-mod net.neoforged.neoforge.coremods.NeoForgeCoreMod@34cf294c in neoforge-21.1.243.jar > net.neoforged.neoforge-coremods-21.1.243.jar
[13Sep2026 14:07:26.580] [main/DEBUG] [net.neoforged.fml.loading.FMLServiceProvider/CORE]: Adding [Target[className=net.minecraft.world.level.levelgen.structure.Structure, elementName=, elementDescriptor=, targetType=cpw.mods.modlauncher.api.TargetType@44e3a2b2]] transformer from core-mod net.neoforged.neoforge.coremods.NeoForgeCoreMod@34cf294c in neoforge-21.1.243.jar > net.neoforged.neoforge-coremods-21.1.243.jar
[13Sep2026 14:07:26.580] [main/DEBUG] [net.neoforged.fml.loading.FMLServiceProvider/CORE]: Adding [Target[className=net.minecraft.world.level.block.FlowerPotBlock, elementName=, elementDescriptor=, targetType=cpw.mods.modlauncher.api.TargetType@44e3a2b2]] transformer from core-mod net.neoforged.neoforge.coremods.NeoForgeCoreMod@34cf294c in neoforge-21.1.243.jar > net.neoforged.neoforge-coremods-21.1.243.jar
[13Sep2026 14:07:26.581] [main/DEBUG] [net.neoforged.fml.loading.FMLServiceProvider/CORE]: Adding [Target[className=net/minecraft/world/entity/animal/horse/SkeletonTrapGoal, elementName=, elementDescriptor=, targetType=cpw.mods.modlauncher.api.TargetType@44e3a2b2], Target[className=net/minecraft/world/entity/raid/Raid, elementName=, elementDescriptor=, targetType=cpw.mods.modlauncher.api.TargetType@44e3a2b2], Target[className=net/minecraft/world/level/levelgen/structure/templatesystem/StructureTemplate, elementName=, elementDescriptor=, targetType=cpw.mods.modlauncher.api.TargetType@44e3a2b2], Target[className=net/minecraft/world/entity/EntityType, elementName=, elementDescriptor=, targetType=cpw.mods.modlauncher.api.TargetType@44e3a2b2], Target[className=net/minecraft/world/entity/monster/Strider, elementName=, elementDescriptor=, targetType=cpw.mods.modlauncher.api.TargetType@44e3a2b2], Target[className=net/minecraft/world/level/levelgen/structure/structures/SwampHutPiece, elementName=, elementDescriptor=, targetType=cpw.mods.modlauncher.api.TargetType@44e3a2b2], Target[className=net/minecraft/world/entity/animal/frog/Tadpole, elementName=, elementDescriptor=, targetType=cpw.mods.modlauncher.api.TargetType@44e3a2b2], Target[className=net/minecraft/world/entity/npc/Villager, elementName=, elementDescriptor=, targetType=cpw.mods.modlauncher.api.TargetType@44e3a2b2], Target[className=net/minecraft/world/entity/npc/CatSpawner, elementName=, elementDescriptor=, targetType=cpw.mods.modlauncher.api.TargetType@44e3a2b2], Target[className=net/minecraft/world/level/levelgen/PhantomSpawner, elementName=, elementDescriptor=, targetType=cpw.mods.modlauncher.api.TargetType@44e3a2b2], Target[className=net/minecraft/world/entity/monster/Evoker$EvokerSummonSpellGoal, elementName=, elementDescriptor=, targetType=cpw.mods.modlauncher.api.TargetType@44e3a2b2], Target[className=net/minecraft/world/level/levelgen/structure/structures/OceanRuinPieces$OceanRuinPiece, elementName=, elementDescriptor=, targetType=cpw.mods.modlauncher.api.TargetType@44e3a2b2], Target[className=net/minecraft/world/level/levelgen/PatrolSpawner, elementName=, elementDescriptor=, targetType=cpw.mods.modlauncher.api.TargetType@44e3a2b2], Target[className=net/minecraft/world/level/NaturalSpawner, elementName=, elementDescriptor=, targetType=cpw.mods.modlauncher.api.TargetType@44e3a2b2], Target[className=net/minecraft/world/entity/ai/village/VillageSiege, elementName=, elementDescriptor=, targetType=cpw.mods.modlauncher.api.TargetType@44e3a2b2], Target[className=net/minecraft/server/commands/RaidCommand, elementName=, elementDescriptor=, targetType=cpw.mods.modlauncher.api.TargetType@44e3a2b2], Target[className=net/minecraft/server/commands/SummonCommand, elementName=, elementDescriptor=, targetType=cpw.mods.modlauncher.api.TargetType@44e3a2b2], Target[className=net/minecraft/world/level/levelgen/structure/structures/WoodlandMansionPieces$WoodlandMansionPiece, elementName=, elementDescriptor=, targetType=cpw.mods.modlauncher.api.TargetType@44e3a2b2], Target[className=net/minecraft/world/entity/monster/Spider, elementName=, elementDescriptor=, targetType=cpw.mods.modlauncher.api.TargetType@44e3a2b2], Target[className=net/minecraft/world/entity/monster/Zombie, elementName=, elementDescriptor=, targetType=cpw.mods.modlauncher.api.TargetType@44e3a2b2], Target[className=net/minecraft/world/entity/monster/ZombieVillager, elementName=, elementDescriptor=, targetType=cpw.mods.modlauncher.api.TargetType@44e3a2b2], Target[className=net/minecraft/world/level/levelgen/structure/structures/OceanMonumentPieces$OceanMonumentPiece, elementName=, elementDescriptor=, targetType=cpw.mods.modlauncher.api.TargetType@44e3a2b2]] transformer from core-mod net.neoforged.neoforge.coremods.NeoForgeCoreMod@34cf294c in neoforge-21.1.243.jar > net.neoforged.neoforge-coremods-21.1.243.jar
[13Sep2026 14:07:26.584] [main/DEBUG] [cpw.mods.modlauncher.TransformStore/MODLAUNCHER]: Adding transformer twilightforest.asm.transformers.armor.ArmorVisibilityRenderingTransformer@6d5037a9 to Target : cpw.mods.modlauncher.api.TargetType@101639ae {Lnet/minecraft/world/entity/LivingEntity;} {getVisibilityPercent} {(Lnet/minecraft/world/entity/Entity;)D}
[13Sep2026 14:07:26.585] [main/DEBUG] [cpw.mods.modlauncher.TransformStore/MODLAUNCHER]: Adding transformer twilightforest.asm.transformers.armor.CancelArmorRenderingTransformer@70331432 to Target : cpw.mods.modlauncher.api.TargetType@101639ae {Lnet/minecraft/client/renderer/entity/layers/HumanoidArmorLayer;} {renderArmorPiece} {(Lcom/mojang/blaze3d/vertex/PoseStack;Lnet/minecraft/client/renderer/MultiBufferSource;Lnet/minecraft/world/entity/LivingEntity;Lnet/minecraft/world/entity/EquipmentSlot;ILnet/minecraft/client/model/HumanoidModel;FFFFFF)V}
[13Sep2026 14:07:26.585] [main/DEBUG] [cpw.mods.modlauncher.TransformStore/MODLAUNCHER]: Adding transformer twilightforest.asm.transformers.armor.CancelElytraRenderingTransformer@3bbf9027 to Target : cpw.mods.modlauncher.api.TargetType@101639ae {Lnet/minecraft/client/renderer/entity/layers/ElytraLayer;} {shouldRender} {(Lnet/minecraft/world/item/ItemStack;Lnet/minecraft/world/entity/LivingEntity;)Z}
[13Sep2026 14:07:26.585] [main/DEBUG] [cpw.mods.modlauncher.TransformStore/MODLAUNCHER]: Adding transformer twilightforest.asm.transformers.armor.FixCapeUnrenderingTransformer@10c2064a to Target : cpw.mods.modlauncher.api.TargetType@101639ae {Lnet/minecraft/client/renderer/entity/layers/CapeLayer;} {render} {(Lcom/mojang/blaze3d/vertex/PoseStack;Lnet/minecraft/client/renderer/MultiBufferSource;ILnet/minecraft/client/player/AbstractClientPlayer;FFFFFF)V}
[13Sep2026 14:07:26.586] [main/DEBUG] [cpw.mods.modlauncher.TransformStore/MODLAUNCHER]: Adding transformer twilightforest.asm.transformers.beardifier.BeardifierClassTransformer@70e13fa to Target : cpw.mods.modlauncher.api.TargetType@44e3a2b2 {Lnet/minecraft/world/level/levelgen/Beardifier;} {} {V}
[13Sep2026 14:07:26.586] [main/DEBUG] [cpw.mods.modlauncher.TransformStore/MODLAUNCHER]: Adding transformer twilightforest.asm.transformers.beardifier.BeardifierComputeTransformer@6ff415ad to Target : cpw.mods.modlauncher.api.TargetType@101639ae {Lnet/minecraft/world/level/levelgen/Beardifier;} {compute} {(Lnet/minecraft/world/level/levelgen/DensityFunction$FunctionContext;)D}
[13Sep2026 14:07:26.586] [main/DEBUG] [cpw.mods.modlauncher.TransformStore/MODLAUNCHER]: Adding transformer twilightforest.asm.transformers.beardifier.InitializeCustomBeardifierFieldsDuringCreateNoiseChunkTransformer@280d9edc to Target : cpw.mods.modlauncher.api.TargetType@101639ae {Lnet/minecraft/world/level/levelgen/NoiseBasedChunkGenerator;} {createNoiseChunk} {(Lnet/minecraft/world/level/chunk/ChunkAccess;Lnet/minecraft/world/level/StructureManager;Lnet/minecraft/world/level/levelgen/blending/Blender;Lnet/minecraft/world/level/levelgen/RandomState;)Lnet/minecraft/world/level/levelgen/NoiseChunk;}
[13Sep2026 14:07:26.586] [main/DEBUG] [cpw.mods.modlauncher.TransformStore/MODLAUNCHER]: Adding transformer twilightforest.asm.transformers.book.ModifyWrittenBookNameTransformer@28fd3dc1 to Target : cpw.mods.modlauncher.api.TargetType@101639ae {Lnet/minecraft/world/item/WrittenBookItem;} {getName} {(Lnet/minecraft/world/item/ItemStack;)Lnet/minecraft/network/chat/Component;}
[13Sep2026 14:07:26.586] [main/DEBUG] [cpw.mods.modlauncher.TransformStore/MODLAUNCHER]: Adding transformer twilightforest.asm.transformers.block.SlimeBlockMomentumTransformer@5f9b6ae7 to Target : cpw.mods.modlauncher.api.TargetType@101639ae {Lnet/minecraft/world/level/block/SlimeBlock;} {stepOn} {(Lnet/minecraft/world/level/Level;Lnet/minecraft/core/BlockPos;Lnet/minecraft/world/level/block/state/BlockState;Lnet/minecraft/world/entity/Entity;)V}
[13Sep2026 14:07:26.587] [main/DEBUG] [cpw.mods.modlauncher.TransformStore/MODLAUNCHER]: Adding transformer twilightforest.asm.transformers.block.SlimeBlockBounceUpTransformer@108d55c4 to Target : cpw.mods.modlauncher.api.TargetType@101639ae {Lnet/minecraft/world/level/block/SlimeBlock;} {bounceUp} {(Lnet/minecraft/world/entity/Entity;)V}
[13Sep2026 14:07:26.587] [main/DEBUG] [cpw.mods.modlauncher.TransformStore/MODLAUNCHER]: Adding transformer twilightforest.asm.transformers.block.UnrestrainedFrictionTransformer@5432c277 to Target : cpw.mods.modlauncher.api.TargetType@101639ae {Lnet/neoforged/neoforge/common/extensions/IBlockExtension;} {getFriction} {(Lnet/minecraft/world/level/block/state/BlockState;Lnet/minecraft/world/level/LevelReader;Lnet/minecraft/core/BlockPos;Lnet/minecraft/world/entity/Entity;)F}
[13Sep2026 14:07:26.587] [main/DEBUG] [cpw.mods.modlauncher.TransformStore/MODLAUNCHER]: Adding transformer twilightforest.asm.transformers.chunk.ChunkStatusTaskTransformer@15e0fe05 to Target : cpw.mods.modlauncher.api.TargetType@101639ae {Lnet/minecraft/world/level/chunk/status/ChunkStatusTasks;} {generateSurface} {(Lnet/minecraft/world/level/chunk/status/WorldGenContext;Lnet/minecraft/world/level/chunk/status/ChunkStep;Lnet/minecraft/util/StaticCache2D;Lnet/minecraft/world/level/chunk/ChunkAccess;)Ljava/util/concurrent/CompletableFuture;}
[13Sep2026 14:07:26.587] [main/DEBUG] [cpw.mods.modlauncher.TransformStore/MODLAUNCHER]: Adding transformer twilightforest.asm.transformers.cloud.IsRainingAtTransformer@1128620c to Target : cpw.mods.modlauncher.api.TargetType@101639ae {Lnet/minecraft/world/level/Level;} {isRainingAt} {(Lnet/minecraft/core/BlockPos;)Z}
[13Sep2026 14:07:26.587] [main/DEBUG] [cpw.mods.modlauncher.TransformStore/MODLAUNCHER]: Adding transformer twilightforest.asm.transformers.conquered.StructureStartLoadStaticTransformer@6bf13698 to Target : cpw.mods.modlauncher.api.TargetType@101639ae {Lnet/minecraft/world/level/levelgen/structure/StructureStart;} {loadStaticStart} {(Lnet/minecraft/world/level/levelgen/structure/pieces/StructurePieceSerializationContext;Lnet/minecraft/nbt/CompoundTag;J)Lnet/minecraft/world/level/levelgen/structure/StructureStart;}
[13Sep2026 14:07:26.588] [main/DEBUG] [cpw.mods.modlauncher.TransformStore/MODLAUNCHER]: Adding transformer twilightforest.asm.transformers.damagesources.DamageSourcesTransformer@299270eb to Target : cpw.mods.modlauncher.api.TargetType@101639ae {Lnet/minecraft/world/damagesource/DamageSources;} {playerAttack} {(Lnet/minecraft/world/entity/player/Player;)Lnet/minecraft/world/damagesource/DamageSource;}
[13Sep2026 14:07:26.588] [main/DEBUG] [cpw.mods.modlauncher.TransformStore/MODLAUNCHER]: Adding transformer twilightforest.asm.transformers.damagesources.DamageSourcesTransformer@299270eb to Target : cpw.mods.modlauncher.api.TargetType@101639ae {Lnet/minecraft/world/damagesource/DamageSources;} {mobAttack} {(Lnet/minecraft/world/entity/LivingEntity;)Lnet/minecraft/world/damagesource/DamageSource;}
[13Sep2026 14:07:26.588] [main/DEBUG] [cpw.mods.modlauncher.TransformStore/MODLAUNCHER]: Adding transformer twilightforest.asm.transformers.entity.WaterWalkTransformer@3b90a30a to Target : cpw.mods.modlauncher.api.TargetType@101639ae {Lnet/minecraft/world/entity/LivingEntity;} {canStandOnFluid} {(Lnet/minecraft/world/level/material/FluidState;)Z}
[13Sep2026 14:07:26.588] [main/DEBUG] [cpw.mods.modlauncher.TransformStore/MODLAUNCHER]: Adding transformer twilightforest.asm.transformers.entity.WaterSprintTransformer@69fa8e76 to Target : cpw.mods.modlauncher.api.TargetType@101639ae {Lnet/minecraft/client/player/LocalPlayer;} {aiStep} {()V}
[13Sep2026 14:07:26.588] [main/DEBUG] [cpw.mods.modlauncher.TransformStore/MODLAUNCHER]: Adding transformer twilightforest.asm.transformers.entity.PathFinderUnrestrainedByLeashTransformer@bdd2027 to Target : cpw.mods.modlauncher.api.TargetType@101639ae {Lnet/minecraft/world/entity/PathfinderMob;} {shouldStayCloseToLeashHolder} {()Z}
[13Sep2026 14:07:26.589] [main/DEBUG] [cpw.mods.modlauncher.TransformStore/MODLAUNCHER]: Adding transformer twilightforest.asm.transformers.entity.UnrestrainedBlockSpeedAndJumpFactorTransformer@31f20c9f to Target : cpw.mods.modlauncher.api.TargetType@101639ae {Lnet/minecraft/world/entity/Entity;} {getBlockSpeedFactor} {()F}
[13Sep2026 14:07:26.589] [main/DEBUG] [cpw.mods.modlauncher.TransformStore/MODLAUNCHER]: Adding transformer twilightforest.asm.transformers.entity.UnrestrainedBlockSpeedAndJumpFactorTransformer@31f20c9f to Target : cpw.mods.modlauncher.api.TargetType@101639ae {Lnet/minecraft/world/entity/Entity;} {getBlockJumpFactor} {()F}
[13Sep2026 14:07:26.589] [main/DEBUG] [cpw.mods.modlauncher.TransformStore/MODLAUNCHER]: Adding transformer twilightforest.asm.transformers.entity.ResetStuckUnrestrainedTransformer@f446158 to Target : cpw.mods.modlauncher.api.TargetType@101639ae {Lnet/minecraft/world/entity/Entity;} {move} {(Lnet/minecraft/world/entity/MoverType;Lnet/minecraft/world/phys/Vec3;)V}
[13Sep2026 14:07:26.589] [main/DEBUG] [cpw.mods.modlauncher.TransformStore/MODLAUNCHER]: Adding transformer twilightforest.asm.transformers.foliage.FoliageColorResolverTransformer@32f0c7f8 to Target : cpw.mods.modlauncher.api.TargetType@101639ae {Lnet/minecraft/client/renderer/BiomeColors;} {lambda$static$0} {(Lnet/minecraft/world/level/biome/Biome;DD)I}
[13Sep2026 14:07:26.589] [main/DEBUG] [cpw.mods.modlauncher.TransformStore/MODLAUNCHER]: Adding transformer twilightforest.asm.transformers.lead.LeashFenceKnotSurvivesTransformer@504e1599 to Target : cpw.mods.modlauncher.api.TargetType@101639ae {Lnet/minecraft/world/entity/decoration/LeashFenceKnotEntity;} {survives} {()Z}
[13Sep2026 14:07:26.590] [main/DEBUG] [cpw.mods.modlauncher.TransformStore/MODLAUNCHER]: Adding transformer twilightforest.asm.transformers.map.ResolveNearestNonRandomSpreadMapStructureTransformer@71f96dfb to Target : cpw.mods.modlauncher.api.TargetType@101639ae {Lnet/minecraft/world/level/chunk/ChunkGenerator;} {findNearestMapStructure} {(Lnet/minecraft/server/level/ServerLevel;Lnet/minecraft/core/HolderSet;Lnet/minecraft/core/BlockPos;IZ)Lcom/mojang/datafixers/util/Pair;}
[13Sep2026 14:07:26.590] [main/DEBUG] [cpw.mods.modlauncher.TransformStore/MODLAUNCHER]: Adding transformer twilightforest.asm.transformers.map.UpdateMapsInGogglesTransformer@5d1b9c3d to Target : cpw.mods.modlauncher.api.TargetType@101639ae {Lnet/minecraft/world/level/saveddata/maps/MapItemSavedData;} {tickCarriedBy} {(Lnet/minecraft/world/entity/player/Player;Lnet/minecraft/world/item/ItemStack;)V}
[13Sep2026 14:07:26.590] [main/DEBUG] [cpw.mods.modlauncher.TransformStore/MODLAUNCHER]: Adding transformer twilightforest.asm.transformers.multipart.ResolveEntitiesForRendereringTransformer@69e05f61 to Target : cpw.mods.modlauncher.api.TargetType@101639ae {Lnet/minecraft/client/renderer/LevelRenderer;} {renderLevel} {(Lnet/minecraft/client/DeltaTracker;ZLnet/minecraft/client/Camera;Lnet/minecraft/client/renderer/GameRenderer;Lnet/minecraft/client/renderer/LightTexture;Lorg/joml/Matrix4f;Lorg/joml/Matrix4f;)V}
[13Sep2026 14:07:26.590] [main/DEBUG] [cpw.mods.modlauncher.TransformStore/MODLAUNCHER]: Adding transformer twilightforest.asm.transformers.multipart.ResolveEntityRendererTransformer@49a26d19 to Target : cpw.mods.modlauncher.api.TargetType@101639ae {Lnet/minecraft/client/renderer/entity/EntityRenderDispatcher;} {getRenderer} {(Lnet/minecraft/world/entity/Entity;)Lnet/minecraft/client/renderer/entity/EntityRenderer;}
[13Sep2026 14:07:26.590] [main/DEBUG] [cpw.mods.modlauncher.TransformStore/MODLAUNCHER]: Adding transformer twilightforest.asm.transformers.multipart.SendDirtyEntityDataTransformer@730e5763 to Target : cpw.mods.modlauncher.api.TargetType@101639ae {Lnet/minecraft/server/level/ServerEntity;} {sendDirtyEntityData} {()V}
[13Sep2026 14:07:26.591] [main/DEBUG] [cpw.mods.modlauncher.TransformStore/MODLAUNCHER]: Adding transformer twilightforest.asm.transformers.player.GetFieldOfViewModifierTransformer@7275c74b to Target : cpw.mods.modlauncher.api.TargetType@101639ae {Lnet/minecraft/client/player/AbstractClientPlayer;} {getFieldOfViewModifier} {()F}
[13Sep2026 14:07:26.591] [main/DEBUG] [cpw.mods.modlauncher.TransformStore/MODLAUNCHER]: Adding transformer twilightforest.asm.transformers.player.ReduceMovementFoodExhaustionTransformer@19058533 to Target : cpw.mods.modlauncher.api.TargetType@101639ae {Lnet/minecraft/world/entity/player/Player;} {jumpFromGround} {()V}
[13Sep2026 14:07:26.591] [main/DEBUG] [cpw.mods.modlauncher.TransformStore/MODLAUNCHER]: Adding transformer twilightforest.asm.transformers.player.ReduceMovementFoodExhaustionTransformer@19058533 to Target : cpw.mods.modlauncher.api.TargetType@101639ae {Lnet/minecraft/server/level/ServerPlayer;} {checkMovementStatistics} {(DDD)V}
[13Sep2026 14:07:26.591] [main/DEBUG] [cpw.mods.modlauncher.TransformStore/MODLAUNCHER]: Adding transformer twilightforest.asm.transformers.shroom.ModifySoilDecisionForMushroomBlockSurvivabilityTransformer@4315e9af to Target : cpw.mods.modlauncher.api.TargetType@101639ae {Lnet/minecraft/world/level/block/MushroomBlock;} {canSurvive} {(Lnet/minecraft/world/level/block/state/BlockState;Lnet/minecraft/world/level/LevelReader;Lnet/minecraft/core/BlockPos;)Z}
[13Sep2026 14:07:26.591] [main/DEBUG] [cpw.mods.modlauncher.TransformStore/MODLAUNCHER]: Adding transformer twilightforest.asm.transformers.snow.KeepGrassSnowyForSnowloggableBlocksTransformer@42210be1 to Target : cpw.mods.modlauncher.api.TargetType@101639ae {Lnet/minecraft/world/level/block/SnowyDirtBlock;} {isSnowySetting} {(Lnet/minecraft/world/level/block/state/BlockState;)Z}
[13Sep2026 14:07:26.591] [main/DEBUG] [cpw.mods.modlauncher.TransformStore/MODLAUNCHER]: Adding transformer net.neoforged.neoforge.coremods.ReplaceFieldWithGetterAccess@1eb2d371 to Target : cpw.mods.modlauncher.api.TargetType@44e3a2b2 {Lnet/minecraft/world/level/biome/Biome;} {} {V}
[13Sep2026 14:07:26.592] [main/DEBUG] [cpw.mods.modlauncher.TransformStore/MODLAUNCHER]: Adding transformer net.neoforged.neoforge.coremods.ReplaceFieldWithGetterAccess@2babf189 to Target : cpw.mods.modlauncher.api.TargetType@44e3a2b2 {Lnet/minecraft/world/level/levelgen/structure/Structure;} {} {V}
[13Sep2026 14:07:26.592] [main/DEBUG] [cpw.mods.modlauncher.TransformStore/MODLAUNCHER]: Adding transformer net.neoforged.neoforge.coremods.ReplaceFieldWithGetterAccess@479f2dc2 to Target : cpw.mods.modlauncher.api.TargetType@44e3a2b2 {Lnet/minecraft/world/level/block/FlowerPotBlock;} {} {V}
[13Sep2026 14:07:26.593] [main/DEBUG] [cpw.mods.modlauncher.TransformStore/MODLAUNCHER]: Adding transformer net.neoforged.neoforge.coremods.MethodRedirector@dab48d3 to Target : cpw.mods.modlauncher.api.TargetType@44e3a2b2 {Lnet/minecraft/world/entity/animal/horse/SkeletonTrapGoal;} {} {V}
[13Sep2026 14:07:26.594] [main/DEBUG] [cpw.mods.modlauncher.TransformStore/MODLAUNCHER]: Adding transformer net.neoforged.neoforge.coremods.MethodRedirector@dab48d3 to Target : cpw.mods.modlauncher.api.TargetType@44e3a2b2 {Lnet/minecraft/world/entity/raid/Raid;} {} {V}
[13Sep2026 14:07:26.594] [main/DEBUG] [cpw.mods.modlauncher.TransformStore/MODLAUNCHER]: Adding transformer net.neoforged.neoforge.coremods.MethodRedirector@dab48d3 to Target : cpw.mods.modlauncher.api.TargetType@44e3a2b2 {Lnet/minecraft/world/level/levelgen/structure/templatesystem/StructureTemplate;} {} {V}
[13Sep2026 14:07:26.594] [main/DEBUG] [cpw.mods.modlauncher.TransformStore/MODLAUNCHER]: Adding transformer net.neoforged.neoforge.coremods.MethodRedirector@dab48d3 to Target : cpw.mods.modlauncher.api.TargetType@44e3a2b2 {Lnet/minecraft/world/entity/EntityType;} {} {V}
[13Sep2026 14:07:26.594] [main/DEBUG] [cpw.mods.modlauncher.TransformStore/MODLAUNCHER]: Adding transformer net.neoforged.neoforge.coremods.MethodRedirector@dab48d3 to Target : cpw.mods.modlauncher.api.TargetType@44e3a2b2 {Lnet/minecraft/world/entity/monster/Strider;} {} {V}
[13Sep2026 14:07:26.594] [main/DEBUG] [cpw.mods.modlauncher.TransformStore/MODLAUNCHER]: Adding transformer net.neoforged.neoforge.coremods.MethodRedirector@dab48d3 to Target : cpw.mods.modlauncher.api.TargetType@44e3a2b2 {Lnet/minecraft/world/level/levelgen/structure/structures/SwampHutPiece;} {} {V}
[13Sep2026 14:07:26.595] [main/DEBUG] [cpw.mods.modlauncher.TransformStore/MODLAUNCHER]: Adding transformer net.neoforged.neoforge.coremods.MethodRedirector@dab48d3 to Target : cpw.mods.modlauncher.api.TargetType@44e3a2b2 {Lnet/minecraft/world/entity/animal/frog/Tadpole;} {} {V}
[13Sep2026 14:07:26.595] [main/DEBUG] [cpw.mods.modlauncher.TransformStore/MODLAUNCHER]: Adding transformer net.neoforged.neoforge.coremods.MethodRedirector@dab48d3 to Target : cpw.mods.modlauncher.api.TargetType@44e3a2b2 {Lnet/minecraft/world/entity/npc/Villager;} {} {V}
[13Sep2026 14:07:26.595] [main/DEBUG] [cpw.mods.modlauncher.TransformStore/MODLAUNCHER]: Adding transformer net.neoforged.neoforge.coremods.MethodRedirector@dab48d3 to Target : cpw.mods.modlauncher.api.TargetType@44e3a2b2 {Lnet/minecraft/world/entity/npc/CatSpawner;} {} {V}
[13Sep2026 14:07:26.595] [main/DEBUG] [cpw.mods.modlauncher.TransformStore/MODLAUNCHER]: Adding transformer net.neoforged.neoforge.coremods.MethodRedirector@dab48d3 to Target : cpw.mods.modlauncher.api.TargetType@44e3a2b2 {Lnet/minecraft/world/level/levelgen/PhantomSpawner;} {} {V}
[13Sep2026 14:07:26.595] [main/DEBUG] [cpw.mods.modlauncher.TransformStore/MODLAUNCHER]: Adding transformer net.neoforged.neoforge.coremods.MethodRedirector@dab48d3 to Target : cpw.mods.modlauncher.api.TargetType@44e3a2b2 {Lnet/minecraft/world/entity/monster/Evoker$EvokerSummonSpellGoal;} {} {V}
[13Sep2026 14:07:26.596] [main/DEBUG] [cpw.mods.modlauncher.TransformStore/MODLAUNCHER]: Adding transformer net.neoforged.neoforge.coremods.MethodRedirector@dab48d3 to Target : cpw.mods.modlauncher.api.TargetType@44e3a2b2 {Lnet/minecraft/world/level/levelgen/structure/structures/OceanRuinPieces$OceanRuinPiece;} {} {V}
[13Sep2026 14:07:26.596] [main/DEBUG] [cpw.mods.modlauncher.TransformStore/MODLAUNCHER]: Adding transformer net.neoforged.neoforge.coremods.MethodRedirector@dab48d3 to Target : cpw.mods.modlauncher.api.TargetType@44e3a2b2 {Lnet/minecraft/world/level/levelgen/PatrolSpawner;} {} {V}
[13Sep2026 14:07:26.596] [main/DEBUG] [cpw.mods.modlauncher.TransformStore/MODLAUNCHER]: Adding transformer net.neoforged.neoforge.coremods.MethodRedirector@dab48d3 to Target : cpw.mods.modlauncher.api.TargetType@44e3a2b2 {Lnet/minecraft/world/level/NaturalSpawner;} {} {V}
[13Sep2026 14:07:26.596] [main/DEBUG] [cpw.mods.modlauncher.TransformStore/MODLAUNCHER]: Adding transformer net.neoforged.neoforge.coremods.MethodRedirector@dab48d3 to Target : cpw.mods.modlauncher.api.TargetType@44e3a2b2 {Lnet/minecraft/world/entity/ai/village/VillageSiege;} {} {V}
[13Sep2026 14:07:26.597] [main/DEBUG] [cpw.mods.modlauncher.TransformStore/MODLAUNCHER]: Adding transformer net.neoforged.neoforge.coremods.MethodRedirector@dab48d3 to Target : cpw.mods.modlauncher.api.TargetType@44e3a2b2 {Lnet/minecraft/server/commands/RaidCommand;} {} {V}
[13Sep2026 14:07:26.597] [main/DEBUG] [cpw.mods.modlauncher.TransformStore/MODLAUNCHER]: Adding transformer net.neoforged.neoforge.coremods.MethodRedirector@dab48d3 to Target : cpw.mods.modlauncher.api.TargetType@44e3a2b2 {Lnet/minecraft/server/commands/SummonCommand;} {} {V}
[13Sep2026 14:07:26.597] [main/DEBUG] [cpw.mods.modlauncher.TransformStore/MODLAUNCHER]: Adding transformer net.neoforged.neoforge.coremods.MethodRedirector@dab48d3 to Target : cpw.mods.modlauncher.api.TargetType@44e3a2b2 {Lnet/minecraft/world/level/levelgen/structure/structures/WoodlandMansionPieces$WoodlandMansionPiece;} {} {V}
[13Sep2026 14:07:26.597] [main/DEBUG] [cpw.mods.modlauncher.TransformStore/MODLAUNCHER]: Adding transformer net.neoforged.neoforge.coremods.MethodRedirector@dab48d3 to Target : cpw.mods.modlauncher.api.TargetType@44e3a2b2 {Lnet/minecraft/world/entity/monster/Spider;} {} {V}
[13Sep2026 14:07:26.597] [main/DEBUG] [cpw.mods.modlauncher.TransformStore/MODLAUNCHER]: Adding transformer net.neoforged.neoforge.coremods.MethodRedirector@dab48d3 to Target : cpw.mods.modlauncher.api.TargetType@44e3a2b2 {Lnet/minecraft/world/entity/monster/Zombie;} {} {V}
[13Sep2026 14:07:26.598] [main/DEBUG] [cpw.mods.modlauncher.TransformStore/MODLAUNCHER]: Adding transformer net.neoforged.neoforge.coremods.MethodRedirector@dab48d3 to Target : cpw.mods.modlauncher.api.TargetType@44e3a2b2 {Lnet/minecraft/world/entity/monster/ZombieVillager;} {} {V}
[13Sep2026 14:07:26.598] [main/DEBUG] [cpw.mods.modlauncher.TransformStore/MODLAUNCHER]: Adding transformer net.neoforged.neoforge.coremods.MethodRedirector@dab48d3 to Target : cpw.mods.modlauncher.api.TargetType@44e3a2b2 {Lnet/minecraft/world/level/levelgen/structure/structures/OceanMonumentPieces$OceanMonumentPiece;} {} {V}
[13Sep2026 14:07:26.598] [main/DEBUG] [cpw.mods.modlauncher.TransformationServiceDecorator/MODLAUNCHER]: Initialized transformers for transformation service fml
[13Sep2026 14:07:27.320] [main/DEBUG] [mixin/]: Processing prepare() for PlatformAgent[MixinPlatformAgentDefault:ModLauncher Root Container(ModLauncher:4f56a0a2)]
[13Sep2026 14:07:27.320] [main/DEBUG] [mixin/]: Processing prepare() for PlatformAgent[MixinPlatformAgentDefault:net.neoforged.fml.loading.mixin.FMLMixinContainerHandle@5782d777]
[13Sep2026 14:07:27.321] [main/DEBUG] [mixin/]: Processing prepare() for PlatformAgent[FMLMixinPlatformAgent:null]
[13Sep2026 14:07:27.359] [main/DEBUG] [mixin/]: Compatibility level JAVA_17 specified by lithostitched.mixins.json is higher than the maximum level supported by this version of mixin (JAVA_13).
[13Sep2026 14:07:27.365] [main/INFO] [mixin/]: Compatibility level set to JAVA_17
[13Sep2026 14:07:27.365] [main/DEBUG] [mixin/]: Mixin config lithostitched.mixins.json does not specify "minVersion" or "requiredFeatures" property
[13Sep2026 14:07:27.367] [main/DEBUG] [mixin/]: Compatibility level JAVA_18 specified by moredensityfunctions.mixins.json is higher than the maximum level supported by this version of mixin (JAVA_13).
[13Sep2026 14:07:27.367] [main/INFO] [mixin/]: Compatibility level set to JAVA_18
[13Sep2026 14:07:27.369] [main/DEBUG] [mixin/]: Compatibility level JAVA_21 specified by moredensityfunctions.neoforge.mixins.json is higher than the maximum level supported by this version of mixin (JAVA_13).
[13Sep2026 14:07:27.369] [main/INFO] [mixin/]: Compatibility level set to JAVA_21
[13Sep2026 14:07:27.374] [main/DEBUG] [mixin/]: Compatibility level JAVA_17 specified by yacl.mixins.json is higher than the maximum level supported by this version of mixin (JAVA_13).
[13Sep2026 14:07:27.375] [main/DEBUG] [mixin/]: Mixin config yacl.mixins.json does not specify "minVersion" or "requiredFeatures" property
[13Sep2026 14:07:27.378] [main/DEBUG] [mixin/]: Processing launch tasks for PlatformAgent[MixinPlatformAgentDefault:ModLauncher Root Container(ModLauncher:4f56a0a2)]
[13Sep2026 14:07:27.378] [main/DEBUG] [mixin/]: Adding mixin platform agents for container SecureJarResource(mixin_synthetic)
[13Sep2026 14:07:27.379] [main/DEBUG] [mixin/]: Instancing new MixinPlatformAgentMinecraftForge for SecureJarResource(mixin_synthetic)
[13Sep2026 14:07:27.379] [main/DEBUG] [mixin/]: MixinPlatformAgentMinecraftForge rejected container SecureJarResource(mixin_synthetic)
[13Sep2026 14:07:27.379] [main/DEBUG] [mixin/]: Instancing new MixinPlatformAgentDefault for SecureJarResource(mixin_synthetic)
[13Sep2026 14:07:27.379] [main/DEBUG] [mixin/]: MixinPlatformAgentDefault accepted container SecureJarResource(mixin_synthetic)
[13Sep2026 14:07:27.379] [main/DEBUG] [mixin/]: Instancing new FMLMixinPlatformAgent for SecureJarResource(mixin_synthetic)
[13Sep2026 14:07:27.379] [main/DEBUG] [mixin/]: FMLMixinPlatformAgent rejected container SecureJarResource(mixin_synthetic)
[13Sep2026 14:07:27.379] [main/DEBUG] [mixin/]: Processing prepare() for PlatformAgent[MixinPlatformAgentDefault:SecureJarResource(mixin_synthetic)]
[13Sep2026 14:07:27.379] [main/DEBUG] [mixin/]: Adding mixin platform agents for container SecureJarResource(lithostitched)
[13Sep2026 14:07:27.379] [main/DEBUG] [mixin/]: Instancing new MixinPlatformAgentMinecraftForge for SecureJarResource(lithostitched)
[13Sep2026 14:07:27.379] [main/DEBUG] [mixin/]: MixinPlatformAgentMinecraftForge rejected container SecureJarResource(lithostitched)
[13Sep2026 14:07:27.379] [main/DEBUG] [mixin/]: Instancing new MixinPlatformAgentDefault for SecureJarResource(lithostitched)
[13Sep2026 14:07:27.380] [main/DEBUG] [mixin/]: MixinPlatformAgentDefault accepted container SecureJarResource(lithostitched)
[13Sep2026 14:07:27.380] [main/DEBUG] [mixin/]: Instancing new FMLMixinPlatformAgent for SecureJarResource(lithostitched)
[13Sep2026 14:07:27.380] [main/DEBUG] [mixin/]: FMLMixinPlatformAgent rejected container SecureJarResource(lithostitched)
[13Sep2026 14:07:27.380] [main/DEBUG] [mixin/]: Processing prepare() for PlatformAgent[MixinPlatformAgentDefault:SecureJarResource(lithostitched)]
[13Sep2026 14:07:27.380] [main/DEBUG] [mixin/]: Adding mixin platform agents for container SecureJarResource(minecraft)
[13Sep2026 14:07:27.380] [main/DEBUG] [mixin/]: Instancing new MixinPlatformAgentMinecraftForge for SecureJarResource(minecraft)
[13Sep2026 14:07:27.380] [main/DEBUG] [mixin/]: MixinPlatformAgentMinecraftForge rejected container SecureJarResource(minecraft)
[13Sep2026 14:07:27.380] [main/DEBUG] [mixin/]: Instancing new MixinPlatformAgentDefault for SecureJarResource(minecraft)
[13Sep2026 14:07:27.380] [main/DEBUG] [mixin/]: MixinPlatformAgentDefault accepted container SecureJarResource(minecraft)
[13Sep2026 14:07:27.381] [main/DEBUG] [mixin/]: Instancing new FMLMixinPlatformAgent for SecureJarResource(minecraft)
[13Sep2026 14:07:27.381] [main/DEBUG] [mixin/]: FMLMixinPlatformAgent rejected container SecureJarResource(minecraft)
[13Sep2026 14:07:27.381] [main/DEBUG] [mixin/]: Processing prepare() for PlatformAgent[MixinPlatformAgentDefault:SecureJarResource(minecraft)]
[13Sep2026 14:07:27.381] [main/DEBUG] [mixin/]: Adding mixin platform agents for container SecureJarResource(apollib)
[13Sep2026 14:07:27.381] [main/DEBUG] [mixin/]: Instancing new MixinPlatformAgentMinecraftForge for SecureJarResource(apollib)
[13Sep2026 14:07:27.381] [main/DEBUG] [mixin/]: MixinPlatformAgentMinecraftForge rejected container SecureJarResource(apollib)
[13Sep2026 14:07:27.381] [main/DEBUG] [mixin/]: Instancing new MixinPlatformAgentDefault for SecureJarResource(apollib)
[13Sep2026 14:07:27.381] [main/DEBUG] [mixin/]: MixinPlatformAgentDefault accepted container SecureJarResource(apollib)
[13Sep2026 14:07:27.381] [main/DEBUG] [mixin/]: Instancing new FMLMixinPlatformAgent for SecureJarResource(apollib)
[13Sep2026 14:07:27.381] [main/DEBUG] [mixin/]: FMLMixinPlatformAgent rejected container SecureJarResource(apollib)
[13Sep2026 14:07:27.382] [main/DEBUG] [mixin/]: Processing prepare() for PlatformAgent[MixinPlatformAgentDefault:SecureJarResource(apollib)]
[13Sep2026 14:07:27.382] [main/DEBUG] [mixin/]: Adding mixin platform agents for container SecureJarResource(moredensityfunctions)
[13Sep2026 14:07:27.382] [main/DEBUG] [mixin/]: Instancing new MixinPlatformAgentMinecraftForge for SecureJarResource(moredensityfunctions)
[13Sep2026 14:07:27.382] [main/DEBUG] [mixin/]: MixinPlatformAgentMinecraftForge rejected container SecureJarResource(moredensityfunctions)
[13Sep2026 14:07:27.382] [main/DEBUG] [mixin/]: Instancing new MixinPlatformAgentDefault for SecureJarResource(moredensityfunctions)
[13Sep2026 14:07:27.382] [main/DEBUG] [mixin/]: MixinPlatformAgentDefault accepted container SecureJarResource(moredensityfunctions)
[13Sep2026 14:07:27.382] [main/DEBUG] [mixin/]: Instancing new FMLMixinPlatformAgent for SecureJarResource(moredensityfunctions)
[13Sep2026 14:07:27.382] [main/DEBUG] [mixin/]: FMLMixinPlatformAgent rejected container SecureJarResource(moredensityfunctions)
[13Sep2026 14:07:27.382] [main/DEBUG] [mixin/]: Processing prepare() for PlatformAgent[MixinPlatformAgentDefault:SecureJarResource(moredensityfunctions)]
[13Sep2026 14:07:27.382] [main/DEBUG] [mixin/]: Adding mixin platform agents for container SecureJarResource(regions_unexplored)
[13Sep2026 14:07:27.383] [main/DEBUG] [mixin/]: Instancing new MixinPlatformAgentMinecraftForge for SecureJarResource(regions_unexplored)
[13Sep2026 14:07:27.383] [main/DEBUG] [mixin/]: MixinPlatformAgentMinecraftForge rejected container SecureJarResource(regions_unexplored)
[13Sep2026 14:07:27.383] [main/DEBUG] [mixin/]: Instancing new MixinPlatformAgentDefault for SecureJarResource(regions_unexplored)
[13Sep2026 14:07:27.383] [main/DEBUG] [mixin/]: MixinPlatformAgentDefault accepted container SecureJarResource(regions_unexplored)
[13Sep2026 14:07:27.383] [main/DEBUG] [mixin/]: Instancing new FMLMixinPlatformAgent for SecureJarResource(regions_unexplored)
[13Sep2026 14:07:27.383] [main/DEBUG] [mixin/]: FMLMixinPlatformAgent rejected container SecureJarResource(regions_unexplored)
[13Sep2026 14:07:27.383] [main/DEBUG] [mixin/]: Processing prepare() for PlatformAgent[MixinPlatformAgentDefault:SecureJarResource(regions_unexplored)]
[13Sep2026 14:07:27.383] [main/DEBUG] [mixin/]: Adding mixin platform agents for container SecureJarResource(twilightforest)
[13Sep2026 14:07:27.383] [main/DEBUG] [mixin/]: Instancing new MixinPlatformAgentMinecraftForge for SecureJarResource(twilightforest)
[13Sep2026 14:07:27.383] [main/DEBUG] [mixin/]: MixinPlatformAgentMinecraftForge rejected container SecureJarResource(twilightforest)
[13Sep2026 14:07:27.384] [main/DEBUG] [mixin/]: Instancing new MixinPlatformAgentDefault for SecureJarResource(twilightforest)
[13Sep2026 14:07:27.384] [main/DEBUG] [mixin/]: MixinPlatformAgentDefault accepted container SecureJarResource(twilightforest)
[13Sep2026 14:07:27.384] [main/DEBUG] [mixin/]: Instancing new FMLMixinPlatformAgent for SecureJarResource(twilightforest)
[13Sep2026 14:07:27.384] [main/DEBUG] [mixin/]: FMLMixinPlatformAgent rejected container SecureJarResource(twilightforest)
[13Sep2026 14:07:27.384] [main/DEBUG] [mixin/]: Processing prepare() for PlatformAgent[MixinPlatformAgentDefault:SecureJarResource(twilightforest)]
[13Sep2026 14:07:27.384] [main/DEBUG] [mixin/]: Adding mixin platform agents for container SecureJarResource(yet_another_config_lib_v3)
[13Sep2026 14:07:27.384] [main/DEBUG] [mixin/]: Instancing new MixinPlatformAgentMinecraftForge for SecureJarResource(yet_another_config_lib_v3)
[13Sep2026 14:07:27.384] [main/DEBUG] [mixin/]: MixinPlatformAgentMinecraftForge rejected container SecureJarResource(yet_another_config_lib_v3)
[13Sep2026 14:07:27.385] [main/DEBUG] [mixin/]: Instancing new MixinPlatformAgentDefault for SecureJarResource(yet_another_config_lib_v3)
[13Sep2026 14:07:27.385] [main/DEBUG] [mixin/]: MixinPlatformAgentDefault accepted container SecureJarResource(yet_another_config_lib_v3)
[13Sep2026 14:07:27.385] [main/DEBUG] [mixin/]: Instancing new FMLMixinPlatformAgent for SecureJarResource(yet_another_config_lib_v3)
[13Sep2026 14:07:27.385] [main/DEBUG] [mixin/]: FMLMixinPlatformAgent rejected container SecureJarResource(yet_another_config_lib_v3)
[13Sep2026 14:07:27.385] [main/DEBUG] [mixin/]: Processing prepare() for PlatformAgent[MixinPlatformAgentDefault:SecureJarResource(yet_another_config_lib_v3)]
[13Sep2026 14:07:27.385] [main/DEBUG] [mixin/]: Adding mixin platform agents for container SecureJarResource(structurify)
[13Sep2026 14:07:27.385] [main/DEBUG] [mixin/]: Instancing new MixinPlatformAgentMinecraftForge for SecureJarResource(structurify)
[13Sep2026 14:07:27.385] [main/DEBUG] [mixin/]: MixinPlatformAgentMinecraftForge rejected container SecureJarResource(structurify)
[13Sep2026 14:07:27.385] [main/DEBUG] [mixin/]: Instancing new MixinPlatformAgentDefault for SecureJarResource(structurify)
[13Sep2026 14:07:27.385] [main/DEBUG] [mixin/]: MixinPlatformAgentDefault accepted container SecureJarResource(structurify)
[13Sep2026 14:07:27.386] [main/DEBUG] [mixin/]: Instancing new FMLMixinPlatformAgent for SecureJarResource(structurify)
[13Sep2026 14:07:27.386] [main/DEBUG] [mixin/]: FMLMixinPlatformAgent rejected container SecureJarResource(structurify)
[13Sep2026 14:07:27.386] [main/DEBUG] [mixin/]: Processing prepare() for PlatformAgent[MixinPlatformAgentDefault:SecureJarResource(structurify)]
[13Sep2026 14:07:27.386] [main/DEBUG] [mixin/]: Adding mixin platform agents for container SecureJarResource(fractispheric)
[13Sep2026 14:07:27.386] [main/DEBUG] [mixin/]: Instancing new MixinPlatformAgentMinecraftForge for SecureJarResource(fractispheric)
[13Sep2026 14:07:27.386] [main/DEBUG] [mixin/]: MixinPlatformAgentMinecraftForge rejected container SecureJarResource(fractispheric)
[13Sep2026 14:07:27.386] [main/DEBUG] [mixin/]: Instancing new MixinPlatformAgentDefault for SecureJarResource(fractispheric)
[13Sep2026 14:07:27.386] [main/DEBUG] [mixin/]: MixinPlatformAgentDefault accepted container SecureJarResource(fractispheric)
[13Sep2026 14:07:27.386] [main/DEBUG] [mixin/]: Instancing new FMLMixinPlatformAgent for SecureJarResource(fractispheric)
[13Sep2026 14:07:27.386] [main/DEBUG] [mixin/]: FMLMixinPlatformAgent rejected container SecureJarResource(fractispheric)
[13Sep2026 14:07:27.386] [main/DEBUG] [mixin/]: Processing prepare() for PlatformAgent[MixinPlatformAgentDefault:SecureJarResource(fractispheric)]
[13Sep2026 14:07:27.387] [main/DEBUG] [mixin/]: Adding mixin platform agents for container SecureJarResource(mixinextras.neoforge)
[13Sep2026 14:07:27.387] [main/DEBUG] [mixin/]: Instancing new MixinPlatformAgentMinecraftForge for SecureJarResource(mixinextras.neoforge)
[13Sep2026 14:07:27.387] [main/DEBUG] [mixin/]: MixinPlatformAgentMinecraftForge rejected container SecureJarResource(mixinextras.neoforge)
[13Sep2026 14:07:27.387] [main/DEBUG] [mixin/]: Instancing new MixinPlatformAgentDefault for SecureJarResource(mixinextras.neoforge)
[13Sep2026 14:07:27.387] [main/DEBUG] [mixin/]: MixinPlatformAgentDefault accepted container SecureJarResource(mixinextras.neoforge)
[13Sep2026 14:07:27.387] [main/DEBUG] [mixin/]: Instancing new FMLMixinPlatformAgent for SecureJarResource(mixinextras.neoforge)
[13Sep2026 14:07:27.387] [main/DEBUG] [mixin/]: FMLMixinPlatformAgent rejected container SecureJarResource(mixinextras.neoforge)
[13Sep2026 14:07:27.387] [main/DEBUG] [mixin/]: Processing prepare() for PlatformAgent[MixinPlatformAgentDefault:SecureJarResource(mixinextras.neoforge)]
[13Sep2026 14:07:27.387] [main/DEBUG] [mixin/]: Registering mixin config: mixinextras.init.mixins.json source=SecureJarResource(mixinextras.neoforge)
[13Sep2026 14:07:27.389] [main/DEBUG] [mixin/]: inject() running with 13 agents
[13Sep2026 14:07:27.389] [main/DEBUG] [mixin/]: Processing inject() for PlatformAgent[MixinPlatformAgentDefault:ModLauncher Root Container(ModLauncher:4f56a0a2)]
[13Sep2026 14:07:27.389] [main/DEBUG] [mixin/]: Processing inject() for PlatformAgent[MixinPlatformAgentDefault:net.neoforged.fml.loading.mixin.FMLMixinContainerHandle@5782d777]
[13Sep2026 14:07:27.389] [main/DEBUG] [mixin/]: Processing inject() for PlatformAgent[FMLMixinPlatformAgent:null]
[13Sep2026 14:07:27.389] [main/DEBUG] [mixin/]: Processing inject() for PlatformAgent[MixinPlatformAgentDefault:SecureJarResource(mixin_synthetic)]
[13Sep2026 14:07:27.389] [main/DEBUG] [mixin/]: Processing inject() for PlatformAgent[MixinPlatformAgentDefault:SecureJarResource(lithostitched)]
[13Sep2026 14:07:27.389] [main/DEBUG] [mixin/]: Processing inject() for PlatformAgent[MixinPlatformAgentDefault:SecureJarResource(minecraft)]
[13Sep2026 14:07:27.390] [main/DEBUG] [mixin/]: Processing inject() for PlatformAgent[MixinPlatformAgentDefault:SecureJarResource(apollib)]
[13Sep2026 14:07:27.390] [main/DEBUG] [mixin/]: Processing inject() for PlatformAgent[MixinPlatformAgentDefault:SecureJarResource(moredensityfunctions)]
[13Sep2026 14:07:27.390] [main/DEBUG] [mixin/]: Processing inject() for PlatformAgent[MixinPlatformAgentDefault:SecureJarResource(regions_unexplored)]
[13Sep2026 14:07:27.390] [main/DEBUG] [mixin/]: Processing inject() for PlatformAgent[MixinPlatformAgentDefault:SecureJarResource(twilightforest)]
[13Sep2026 14:07:27.390] [main/DEBUG] [mixin/]: Processing inject() for PlatformAgent[MixinPlatformAgentDefault:SecureJarResource(yet_another_config_lib_v3)]
[13Sep2026 14:07:27.390] [main/DEBUG] [mixin/]: Processing inject() for PlatformAgent[MixinPlatformAgentDefault:SecureJarResource(structurify)]
[13Sep2026 14:07:27.390] [main/DEBUG] [mixin/]: Processing inject() for PlatformAgent[MixinPlatformAgentDefault:SecureJarResource(fractispheric)]
[13Sep2026 14:07:27.390] [main/DEBUG] [mixin/]: Processing inject() for PlatformAgent[MixinPlatformAgentDefault:SecureJarResource(mixinextras.neoforge)]
[13Sep2026 14:07:27.390] [main/INFO] [cpw.mods.modlauncher.LaunchServiceHandler/MODLAUNCHER]: Launching target 'forgeclientdev' with arguments [--version, 21.1.243, --gameDir, ., --assetsDir, C:\Users\Charlie\.gradle\caches\neoformruntime\assets, --assetIndex, 17]
[13Sep2026 14:07:27.435] [main/DEBUG] [mixin/]: Preparing mixins for MixinEnvironment[DEFAULT]
[13Sep2026 14:07:27.436] [main/DEBUG] [mixin/]: Selecting config lithostitched.mixins.json
[13Sep2026 14:07:27.439] [main/DEBUG] [mixin/]: Selecting config moredensityfunctions.mixins.json
[13Sep2026 14:07:27.440] [main/WARN] [mixin/]: Reference map 'moredensityfunctions.refmap.json' for moredensityfunctions.mixins.json could not be read. If this is a development environment you can ignore this message
[13Sep2026 14:07:27.440] [main/DEBUG] [mixin/]: Selecting config moredensityfunctions.neoforge.mixins.json
[13Sep2026 14:07:27.441] [main/DEBUG] [mixin/]: Selecting config regions_unexplored.mixins.json
[13Sep2026 14:07:27.441] [main/WARN] [mixin/]: Reference map '${mod_id}.refmap.json' for regions_unexplored.mixins.json could not be read. If this is a development environment you can ignore this message
[13Sep2026 14:07:27.441] [main/DEBUG] [mixin/]: Selecting config regions_unexplored.neoforge.mixins.json
[13Sep2026 14:07:27.442] [main/WARN] [mixin/]: Reference map '${mod_id}.refmap.json' for regions_unexplored.neoforge.mixins.json could not be read. If this is a development environment you can ignore this message
[13Sep2026 14:07:27.442] [main/DEBUG] [mixin/]: Selecting config neoforge.mixins.json
[13Sep2026 14:07:27.442] [main/DEBUG] [mixin/]: Selecting config yacl.mixins.json
[13Sep2026 14:07:27.443] [main/WARN] [mixin/]: Reference map 'yet_another_config_lib_v3.refmap.json' for yacl.mixins.json could not be read. If this is a development environment you can ignore this message
[13Sep2026 14:07:27.443] [main/DEBUG] [mixin/]: Selecting config structurify-common.mixins.json
[13Sep2026 14:07:27.447] [main/WARN] [mixin/]: Reference map 'structurify.refmap.json' for structurify-common.mixins.json could not be read. If this is a development environment you can ignore this message
[13Sep2026 14:07:27.447] [main/DEBUG] [mixin/]: Selecting config structurify-neoforge.mixins.json
[13Sep2026 14:07:27.447] [main/WARN] [mixin/]: Reference map 'structurify.refmap.json' for structurify-neoforge.mixins.json could not be read. If this is a development environment you can ignore this message
[13Sep2026 14:07:27.447] [main/DEBUG] [mixin/]: Selecting config mixinextras.init.mixins.json
[13Sep2026 14:07:27.488] [main/DEBUG] [MixinExtras|Service/]: com.llamalad7.mixinextras.service.MixinExtrasServiceImpl(version=0.5.3) is taking over from null
[13Sep2026 14:07:27.516] [main/DEBUG] [mixin/]: Registering new injector for @Inject with org.spongepowered.asm.mixin.injection.struct.CallbackInjectionInfo
[13Sep2026 14:07:27.517] [main/DEBUG] [mixin/]: Registering new injector for @ModifyArg with org.spongepowered.asm.mixin.injection.struct.ModifyArgInjectionInfo
[13Sep2026 14:07:27.518] [main/DEBUG] [mixin/]: Registering new injector for @ModifyArgs with org.spongepowered.asm.mixin.injection.struct.ModifyArgsInjectionInfo
[13Sep2026 14:07:27.520] [main/DEBUG] [mixin/]: Registering new injector for @Redirect with org.spongepowered.asm.mixin.injection.struct.RedirectInjectionInfo
[13Sep2026 14:07:27.521] [main/DEBUG] [mixin/]: Registering new injector for @ModifyVariable with org.spongepowered.asm.mixin.injection.struct.ModifyVariableInjectionInfo
[13Sep2026 14:07:27.522] [main/DEBUG] [mixin/]: Registering new injector for @ModifyConstant with org.spongepowered.asm.mixin.injection.struct.ModifyConstantInjectionInfo
[13Sep2026 14:07:27.531] [main/DEBUG] [mixin/]: Preparing lithostitched.mixins.json (59)
[13Sep2026 14:07:27.680] [main/DEBUG] [mixin/]: @Mixin target net.minecraft.world.level.levelgen.DensityFunctions$Spline is public in lithostitched.mixins.json:common.density.DensityFunctionsMapAllMixin from mod lithostitched and should be specified in value
[13Sep2026 14:07:27.729] [main/DEBUG] [mixin/]: Preparing moredensityfunctions.mixins.json (0)
[13Sep2026 14:07:27.729] [main/DEBUG] [mixin/]: Preparing moredensityfunctions.neoforge.mixins.json (0)
[13Sep2026 14:07:27.729] [main/DEBUG] [mixin/]: Preparing regions_unexplored.mixins.json (9)
[13Sep2026 14:07:27.743] [main/DEBUG] [mixin/]: Preparing regions_unexplored.neoforge.mixins.json (0)
[13Sep2026 14:07:27.743] [main/DEBUG] [mixin/]: Preparing neoforge.mixins.json (2)
[13Sep2026 14:07:27.747] [main/DEBUG] [mixin/]: Preparing yacl.mixins.json (6)
[13Sep2026 14:07:27.782] [main/DEBUG] [mixin/]: Preparing structurify-common.mixins.json (35)
[13Sep2026 14:07:27.822] [main/DEBUG] [mixin/]: Preparing structurify-neoforge.mixins.json (0)
[13Sep2026 14:07:27.822] [main/DEBUG] [mixin/]: Preparing mixinextras.init.mixins.json (0)
[13Sep2026 14:07:27.881] [main/WARN] [mixin/]: Error loading class: org/jetbrains/annotations/ApiStatus$Internal (java.lang.ClassNotFoundException: org.jetbrains.annotations.ApiStatus$Internal)
[13Sep2026 14:07:27.896] [main/DEBUG] [mixin/]: Prepared 104 mixins in 0.458 sec (4.4ms avg) (0ms load, 0ms transform, 0ms plugin)
[13Sep2026 14:07:27.907] [main/INFO] [MixinExtras|Service/]: Initializing MixinExtras via com.llamalad7.mixinextras.service.MixinExtrasServiceImpl(version=0.5.3).
[13Sep2026 14:07:27.908] [main/DEBUG] [mixin/]: Registering new injector for @SugarWrapper with com.llamalad7.mixinextras.sugar.impl.SugarWrapperInjectionInfo
[13Sep2026 14:07:27.908] [main/DEBUG] [mixin/]: Registering new injector for @FactoryRedirectWrapper with com.llamalad7.mixinextras.wrapper.factory.FactoryRedirectWrapperInjectionInfo
[13Sep2026 14:07:27.909] [main/DEBUG] [mixin/]: Registering new injector for @ExpressionInjectorWrapper with com.llamalad7.mixinextras.expression.impl.wrapper.ExpressionInjectorWrapperInjectionInfo
[13Sep2026 14:07:27.920] [main/DEBUG] [mixin/]: Mixing GuiGraphicsMixin from yacl.mixins.json into net.minecraft.client.gui.GuiGraphics
[13Sep2026 14:07:27.921] [main/DEBUG] [mixin/]: yacl.mixins.json:GuiGraphicsMixin from mod yet_another_config_lib_v3: Class version 65 required is higher than the class version supported by the current version of Mixin (JAVA_17 supports class version 61)
[13Sep2026 14:07:27.950] [main/DEBUG] [mixin/]: Mixing MinecraftMixin from yacl.mixins.json into net.minecraft.client.Minecraft
[13Sep2026 14:07:27.952] [main/DEBUG] [mixin/]: yacl.mixins.json:MinecraftMixin from mod yet_another_config_lib_v3: Class version 65 required is higher than the class version supported by the current version of Mixin (JAVA_17 supports class version 61)
[13Sep2026 14:07:27.981] [main/DEBUG] [mixin/]: yacl.mixins.json:MinecraftMixin from mod yet_another_config_lib_v3->@Inject::closeImages(Lorg/spongepowered/asm/mixin/injection/callback/CallbackInfo;)V doesn't use it's CallbackInfo
[13Sep2026 14:07:27.981] [main/DEBUG] [mixin/]: yacl.mixins.json:MinecraftMixin from mod yet_another_config_lib_v3->@Inject::closeImages(Lorg/spongepowered/asm/mixin/injection/callback/CallbackInfo;)V has 0 override(s) in child classes
[13Sep2026 14:07:27.982] [main/DEBUG] [mixin/]: yacl.mixins.json:MinecraftMixin from mod yet_another_config_lib_v3->@Inject::closeImages(Lorg/spongepowered/asm/mixin/injection/callback/CallbackInfo;)V won't be passed a CallbackInfo as a result
[13Sep2026 14:07:28.172] [main/DEBUG] [io.netty.util.internal.logging.InternalLoggerFactory/]: Using SLF4J as the default logging framework
[13Sep2026 14:07:28.174] [main/DEBUG] [io.netty.util.ResourceLeakDetector/]: -Dio.netty.leakDetection.level: simple
[13Sep2026 14:07:28.175] [main/DEBUG] [io.netty.util.ResourceLeakDetector/]: -Dio.netty.leakDetection.targetRecords: 4
[13Sep2026 14:07:29.026] [main/DEBUG] [oshi.util.FileUtil/]: No oshi.properties file found from ClassLoader cpw.mods.modlauncher.TransformingClassLoader@45f421c
[13Sep2026 14:07:29.479] [Datafixer Bootstrap/INFO] [com.mojang.datafixers.DataFixerBuilder/]: 229 Datafixer optimizations took 480 milliseconds
[13Sep2026 14:07:29.538] [main/DEBUG] [oshi.util.FileUtil/]: No oshi.architecture.properties file found from ClassLoader cpw.mods.modlauncher.TransformingClassLoader@45f421c
[13Sep2026 14:07:29.628] [pool-14-thread-1/DEBUG] [mixin/]: Mixing common.MappedRegistryAccessor from lithostitched.mixins.json into net.minecraft.core.MappedRegistry
[13Sep2026 14:07:29.629] [pool-14-thread-1/DEBUG] [mixin/]: lithostitched.mixins.json:common.MappedRegistryAccessor from mod lithostitched: Class version 65 required is higher than the class version supported by the current version of Mixin (JAVA_17 supports class version 61)
[13Sep2026 14:07:29.633] [pool-14-thread-1/DEBUG] [mixin/]: Mixing MappedRegistryAccessor from neoforge.mixins.json into net.minecraft.core.MappedRegistry
[13Sep2026 14:07:29.642] [pool-14-thread-1/DEBUG] [mixin/]: Mixing removals.HolderLookupMixin from regions_unexplored.mixins.json into net.minecraft.core.HolderLookup
[13Sep2026 14:07:29.643] [pool-14-thread-1/DEBUG] [mixin/]: Renaming synthetic method lambda$hideRemovedBiomes$0(Lnet/minecraft/core/Holder$Reference;)Z to md485676$regions_unexplored$lambda$hideRemovedBiomes$0$0 in regions_unexplored.mixins.json:removals.HolderLookupMixin from mod regions_unexplored
[13Sep2026 14:07:29.686] [pool-14-thread-1/DEBUG] [mixin/]: Mixing common.HolderReferenceAccessor from lithostitched.mixins.json into net.minecraft.core.Holder$Reference
[13Sep2026 14:07:29.686] [pool-14-thread-1/DEBUG] [mixin/]: lithostitched.mixins.json:common.HolderReferenceAccessor from mod lithostitched: Class version 65 required is higher than the class version supported by the current version of Mixin (JAVA_17 supports class version 61)
[13Sep2026 14:07:30.089] [pool-14-thread-1/DEBUG] [mixin/]: Mixing CropPlacerMixin from regions_unexplored.mixins.json into net.minecraft.world.level.block.CropBlock
[13Sep2026 14:07:30.100] [pool-14-thread-1/DEBUG] [mixin/]: regions_unexplored.mixins.json:CropPlacerMixin from mod regions_unexplored->@Inject::regions_unexplored$mayPlaceOn(Lnet/minecraft/world/level/block/state/BlockState;Lnet/minecraft/world/level/BlockGetter;Lnet/minecraft/core/BlockPos;Lorg/spongepowered/asm/mixin/injection/callback/CallbackInfoReturnable;)V does use it's CallbackInfoReturnable
[13Sep2026 14:07:30.120] [pool-14-thread-1/DEBUG] [mixin/]: Mixing NetherrackBlockMixin from regions_unexplored.mixins.json into net.minecraft.world.level.block.NetherrackBlock
[13Sep2026 14:07:30.138] [pool-14-thread-1/DEBUG] [mixin/]: regions_unexplored.mixins.json:NetherrackBlockMixin from mod regions_unexplored->@Inject::regions_unexplored$performBonemeal(Lnet/minecraft/server/level/ServerLevel;Lnet/minecraft/util/RandomSource;Lnet/minecraft/core/BlockPos;Lnet/minecraft/world/level/block/state/BlockState;Lorg/spongepowered/asm/mixin/injection/callback/CallbackInfo;)V doesn't use it's CallbackInfo
[13Sep2026 14:07:30.138] [pool-14-thread-1/DEBUG] [mixin/]: regions_unexplored.mixins.json:NetherrackBlockMixin from mod regions_unexplored->@Inject::regions_unexplored$performBonemeal(Lnet/minecraft/server/level/ServerLevel;Lnet/minecraft/util/RandomSource;Lnet/minecraft/core/BlockPos;Lnet/minecraft/world/level/block/state/BlockState;Lorg/spongepowered/asm/mixin/injection/callback/CallbackInfo;)V has 0 override(s) in child classes
[13Sep2026 14:07:30.138] [pool-14-thread-1/DEBUG] [mixin/]: regions_unexplored.mixins.json:NetherrackBlockMixin from mod regions_unexplored->@Inject::regions_unexplored$performBonemeal(Lnet/minecraft/server/level/ServerLevel;Lnet/minecraft/util/RandomSource;Lnet/minecraft/core/BlockPos;Lnet/minecraft/world/level/block/state/BlockState;Lorg/spongepowered/asm/mixin/injection/callback/CallbackInfo;)V won't be passed a CallbackInfo as a result
[13Sep2026 14:07:30.342] [pool-14-thread-1/DEBUG] [mixin/]: Mixing TrunkPlacerDirtMixin from regions_unexplored.mixins.json into net.minecraft.world.level.levelgen.feature.trunkplacers.TrunkPlacer
[13Sep2026 14:07:30.384] [pool-14-thread-1/DEBUG] [mixin/]: regions_unexplored.mixins.json:TrunkPlacerDirtMixin from mod regions_unexplored->@Inject::regions_unexplored$setDirtAt(Lnet/minecraft/world/level/LevelSimulatedReader;Ljava/util/function/BiConsumer;Lnet/minecraft/util/RandomSource;Lnet/minecraft/core/BlockPos;Lnet/minecraft/world/level/levelgen/feature/configurations/TreeConfiguration;Lorg/spongepowered/asm/mixin/injection/callback/CallbackInfo;)V doesn't use it's CallbackInfo
[13Sep2026 14:07:30.722] [pool-14-thread-1/DEBUG] [mixin/]: Mixing BlockEntityTypeAccessor from neoforge.mixins.json into net.minecraft.world.level.block.entity.BlockEntityType
[13Sep2026 14:07:30.997] [pool-14-thread-1/DEBUG] [mixin/]: Mixing common.BiomeAccessor from lithostitched.mixins.json into net.minecraft.world.level.biome.Biome
[13Sep2026 14:07:30.998] [pool-14-thread-1/DEBUG] [mixin/]: lithostitched.mixins.json:common.BiomeAccessor from mod lithostitched: Class version 65 required is higher than the class version supported by the current version of Mixin (JAVA_17 supports class version 61)
[13Sep2026 14:07:30.998] [pool-14-thread-1/DEBUG] [mixin/]: Mixing BiomeMixin from regions_unexplored.mixins.json into net.minecraft.world.level.biome.Biome
[13Sep2026 14:07:32.242] [pool-14-thread-1/DEBUG] [io.netty.util.internal.PlatformDependent0/]: -Dio.netty.noUnsafe: false
[13Sep2026 14:07:32.242] [pool-14-thread-1/DEBUG] [io.netty.util.internal.PlatformDependent0/]: Java version: 21
[13Sep2026 14:07:32.243] [pool-14-thread-1/DEBUG] [io.netty.util.internal.PlatformDependent0/]: sun.misc.Unsafe.theUnsafe: available
[13Sep2026 14:07:32.243] [pool-14-thread-1/DEBUG] [io.netty.util.internal.PlatformDependent0/]: sun.misc.Unsafe.copyMemory: available
[13Sep2026 14:07:32.243] [pool-14-thread-1/DEBUG] [io.netty.util.internal.PlatformDependent0/]: sun.misc.Unsafe.storeFence: available
[13Sep2026 14:07:32.243] [pool-14-thread-1/DEBUG] [io.netty.util.internal.PlatformDependent0/]: java.nio.Buffer.address: available
[13Sep2026 14:07:32.244] [pool-14-thread-1/DEBUG] [io.netty.util.internal.PlatformDependent0/]: direct buffer constructor: unavailable: Reflective setAccessible(true) disabled
[13Sep2026 14:07:32.244] [pool-14-thread-1/DEBUG] [io.netty.util.internal.PlatformDependent0/]: java.nio.Bits.unaligned: available, true
[13Sep2026 14:07:32.246] [pool-14-thread-1/DEBUG] [io.netty.util.internal.PlatformDependent0/]: jdk.internal.misc.Unsafe.allocateUninitializedArray(int): unavailable: class io.netty.util.internal.PlatformDependent0$7 (in module io.netty.common) cannot access class jdk.internal.misc.Unsafe (in module java.base) because module java.base does not export jdk.internal.misc to module io.netty.common
[13Sep2026 14:07:32.246] [pool-14-thread-1/DEBUG] [io.netty.util.internal.PlatformDependent0/]: java.nio.DirectByteBuffer.<init>(long, {int,long}): unavailable
[13Sep2026 14:07:32.246] [pool-14-thread-1/DEBUG] [io.netty.util.internal.PlatformDependent/]: sun.misc.Unsafe: available
[13Sep2026 14:07:32.247] [pool-14-thread-1/DEBUG] [io.netty.util.internal.PlatformDependent/]: maxDirectMemory: 4278190080 bytes (maybe)
[13Sep2026 14:07:32.247] [pool-14-thread-1/DEBUG] [io.netty.util.internal.PlatformDependent/]: -Dio.netty.tmpdir: C:\Users\Charlie\AppData\Local\Temp (java.io.tmpdir)
[13Sep2026 14:07:32.247] [pool-14-thread-1/DEBUG] [io.netty.util.internal.PlatformDependent/]: -Dio.netty.bitMode: 64 (sun.arch.data.model)
[13Sep2026 14:07:32.247] [pool-14-thread-1/DEBUG] [io.netty.util.internal.PlatformDependent/]: Platform: Windows
[13Sep2026 14:07:32.248] [pool-14-thread-1/DEBUG] [io.netty.util.internal.PlatformDependent/]: -Dio.netty.maxDirectMemory: -1 bytes
[13Sep2026 14:07:32.248] [pool-14-thread-1/DEBUG] [io.netty.util.internal.PlatformDependent/]: -Dio.netty.uninitializedArrayAllocationThreshold: -1
[13Sep2026 14:07:32.249] [pool-14-thread-1/DEBUG] [io.netty.util.internal.CleanerJava9/]: java.nio.ByteBuffer.cleaner(): available
[13Sep2026 14:07:32.249] [pool-14-thread-1/DEBUG] [io.netty.util.internal.PlatformDependent/]: -Dio.netty.noPreferDirect: false
[13Sep2026 14:07:32.374] [pool-14-thread-1/DEBUG] [mixin/]: Mixing LevelChunkMixin from structurify-common.mixins.json into net.minecraft.world.level.chunk.LevelChunk
[13Sep2026 14:07:32.455] [pool-14-thread-1/DEBUG] [mixin/]: Mixing common.TreeConfigurationAccessor from lithostitched.mixins.json into net.minecraft.world.level.levelgen.feature.configurations.TreeConfiguration
[13Sep2026 14:07:32.455] [pool-14-thread-1/DEBUG] [mixin/]: lithostitched.mixins.json:common.TreeConfigurationAccessor from mod lithostitched: Class version 65 required is higher than the class version supported by the current version of Mixin (JAVA_17 supports class version 61)
[13Sep2026 14:07:32.807] [pool-14-thread-1/DEBUG] [mixin/]: Mixing EatBlockGoalMixin from regions_unexplored.mixins.json into net.minecraft.world.entity.ai.goal.EatBlockGoal
[13Sep2026 14:07:32.861] [pool-14-thread-1/DEBUG] [mixin/]: regions_unexplored.mixins.json:EatBlockGoalMixin from mod regions_unexplored->@Inject::regions_unexplored$canUse(Lorg/spongepowered/asm/mixin/injection/callback/CallbackInfoReturnable;)V does use it's CallbackInfoReturnable
[13Sep2026 14:07:32.861] [pool-14-thread-1/DEBUG] [mixin/]: regions_unexplored.mixins.json:EatBlockGoalMixin from mod regions_unexplored->@Inject::regions_unexplored$tick(Lorg/spongepowered/asm/mixin/injection/callback/CallbackInfo;)V doesn't use it's CallbackInfo
[13Sep2026 14:07:32.861] [pool-14-thread-1/DEBUG] [mixin/]: regions_unexplored.mixins.json:EatBlockGoalMixin from mod regions_unexplored->@Inject::regions_unexplored$tick(Lorg/spongepowered/asm/mixin/injection/callback/CallbackInfo;)V has 0 override(s) in child classes
[13Sep2026 14:07:32.861] [pool-14-thread-1/DEBUG] [mixin/]: regions_unexplored.mixins.json:EatBlockGoalMixin from mod regions_unexplored->@Inject::regions_unexplored$tick(Lorg/spongepowered/asm/mixin/injection/callback/CallbackInfo;)V won't be passed a CallbackInfo as a result
[13Sep2026 14:07:32.862] [pool-14-thread-1/DEBUG] [mixin/]: regions_unexplored.mixins.json:EatBlockGoalMixin from mod regions_unexplored->@Inject::regions_unexplored$tick(Lorg/spongepowered/asm/mixin/injection/callback/CallbackInfo;)V doesn't use it's CallbackInfo
[13Sep2026 14:07:32.862] [pool-14-thread-1/DEBUG] [mixin/]: regions_unexplored.mixins.json:EatBlockGoalMixin from mod regions_unexplored->@Inject::regions_unexplored$tick(Lorg/spongepowered/asm/mixin/injection/callback/CallbackInfo;)V has 0 override(s) in child classes
[13Sep2026 14:07:32.862] [pool-14-thread-1/DEBUG] [mixin/]: regions_unexplored.mixins.json:EatBlockGoalMixin from mod regions_unexplored->@Inject::regions_unexplored$tick(Lorg/spongepowered/asm/mixin/injection/callback/CallbackInfo;)V won't be passed a CallbackInfo as a result
[13Sep2026 14:07:32.939] [pool-14-thread-1/DEBUG] [mixin/]: Mixing common.villager.VillagerTypeMixin from lithostitched.mixins.json into net.minecraft.world.entity.npc.VillagerType
[13Sep2026 14:07:32.940] [pool-14-thread-1/DEBUG] [mixin/]: lithostitched.mixins.json:common.villager.VillagerTypeMixin from mod lithostitched: Class version 65 required is higher than the class version supported by the current version of Mixin (JAVA_17 supports class version 61)
[13Sep2026 14:07:32.940] [pool-14-thread-1/DEBUG] [mixin/]: Renaming synthetic method lambda$useBiomeTags$0(Lnet/minecraft/world/entity/npc/VillagerType;Lnet/minecraft/world/entity/npc/VillagerType;)Lnet/minecraft/tags/TagKey; to md485676$lithostitched$lambda$useBiomeTags$0$0 in lithostitched.mixins.json:common.villager.VillagerTypeMixin from mod lithostitched
[13Sep2026 14:07:32.962] [pool-14-thread-1/DEBUG] [mixin/]: Mixing VillagerProfessionAccessor from regions_unexplored.mixins.json into net.minecraft.world.entity.npc.VillagerProfession
[13Sep2026 14:07:33.851] [pool-14-thread-1/DEBUG] [mixin/]: Mixing ResourceKeyArgumentInvoker from structurify-common.mixins.json into net.minecraft.commands.arguments.ResourceKeyArgument
[13Sep2026 14:07:33.852] [pool-14-thread-1/DEBUG] [mixin/]: Renaming @Invoker method structurify$invokegetRegistryKey(Lcom/mojang/brigadier/context/CommandContext;Ljava/lang/String;Lnet/minecraft/resources/ResourceKey;Lcom/mojang/brigadier/exceptions/DynamicCommandExceptionType;)Lnet/minecraft/resources/ResourceKey; to invokegetRegistryKey$structurify_$md$485676$0 in structurify-common.mixins.json:ResourceKeyArgumentInvoker from mod structurify
[13Sep2026 14:07:34.074] [pool-14-thread-1/DEBUG] [mixin/]: Mixing level.UniformHeightAccessor from structurify-common.mixins.json into net.minecraft.world.level.levelgen.heightproviders.UniformHeight
[13Sep2026 14:07:34.079] [pool-14-thread-1/DEBUG] [mixin/]: Mixing level.BiasedToBottomHeightAccessor from structurify-common.mixins.json into net.minecraft.world.level.levelgen.heightproviders.BiasedToBottomHeight
[13Sep2026 14:07:34.082] [pool-14-thread-1/DEBUG] [mixin/]: Mixing level.VeryBiasedToBottomHeightAccessor from structurify-common.mixins.json into net.minecraft.world.level.levelgen.heightproviders.VeryBiasedToBottomHeight
[13Sep2026 14:07:34.086] [pool-14-thread-1/DEBUG] [mixin/]: Mixing level.TrapezoidHeightAccessor from structurify-common.mixins.json into net.minecraft.world.level.levelgen.heightproviders.TrapezoidHeight
[13Sep2026 14:07:34.103] [pool-14-thread-1/DEBUG] [mixin/]: Mixing WorldCarverMixin from regions_unexplored.mixins.json into net.minecraft.world.level.levelgen.carver.WorldCarver
[13Sep2026 14:07:34.155] [pool-14-thread-1/DEBUG] [mixin/]: Mixing common.PlacedFeatureAccessor from lithostitched.mixins.json into net.minecraft.world.level.levelgen.placement.PlacedFeature
[13Sep2026 14:07:34.155] [pool-14-thread-1/DEBUG] [mixin/]: lithostitched.mixins.json:common.PlacedFeatureAccessor from mod lithostitched: Class version 65 required is higher than the class version supported by the current version of Mixin (JAVA_17 supports class version 61)
[13Sep2026 14:07:34.167] [pool-14-thread-1/DEBUG] [mixin/]: Mixing common.StructureProcessorListAccessor from lithostitched.mixins.json into net.minecraft.world.level.levelgen.structure.templatesystem.StructureProcessorList
[13Sep2026 14:07:34.168] [pool-14-thread-1/DEBUG] [mixin/]: lithostitched.mixins.json:common.StructureProcessorListAccessor from mod lithostitched: Class version 65 required is higher than the class version supported by the current version of Mixin (JAVA_17 supports class version 61)
[13Sep2026 14:07:34.236] [pool-14-thread-1/DEBUG] [mixin/]: Mixing structure.placement.RandomSpreadStructurePlacementMixin from structurify-common.mixins.json into net.minecraft.world.level.levelgen.structure.placement.RandomSpreadStructurePlacement
[13Sep2026 14:07:34.246] [pool-14-thread-1/DEBUG] [mixin/]: Mixing structure.placement.StructurePlacementMixin from structurify-common.mixins.json into net.minecraft.world.level.levelgen.structure.placement.StructurePlacement
[13Sep2026 14:07:34.255] [pool-14-thread-1/DEBUG] [mixin/]: Mixing common.StructureSetAccessor from lithostitched.mixins.json into net.minecraft.world.level.levelgen.structure.StructureSet
[13Sep2026 14:07:34.255] [pool-14-thread-1/DEBUG] [mixin/]: lithostitched.mixins.json:common.StructureSetAccessor from mod lithostitched: Class version 65 required is higher than the class version supported by the current version of Mixin (JAVA_17 supports class version 61)
[13Sep2026 14:07:34.255] [pool-14-thread-1/DEBUG] [mixin/]: Mixing structure.StructureSetMixin from structurify-common.mixins.json into net.minecraft.world.level.levelgen.structure.StructureSet
[13Sep2026 14:07:34.255] [pool-14-thread-1/DEBUG] [mixin/]: Renaming synthetic method lambda$structurify$getStructures$1(Ljava/lang/String;Lnet/minecraft/world/level/levelgen/structure/StructureSet$StructureSelectionEntry;)Z to md485676$structurify$lambda$structurify$getStructures$1$0 in structurify-common.mixins.json:structure.StructureSetMixin from mod structurify
[13Sep2026 14:07:34.256] [pool-14-thread-1/DEBUG] [mixin/]: Renaming synthetic method lambda$structurify$getStructures$0(Ljava/lang/String;Lnet/minecraft/resources/ResourceKey;)Ljava/lang/Boolean; to md485676$structurify$lambda$structurify$getStructures$0$1 in structurify-common.mixins.json:structure.StructureSetMixin from mod structurify
[13Sep2026 14:07:34.268] [pool-14-thread-1/DEBUG] [mixin/]: Mixing structure.StructureSelectionEntryMixin from structurify-common.mixins.json into net.minecraft.world.level.levelgen.structure.StructureSet$StructureSelectionEntry
[13Sep2026 14:07:34.272] [pool-14-thread-1/DEBUG] [mixin/]: Mixing structure.StructureMixin from structurify-common.mixins.json into net.minecraft.world.level.levelgen.structure.Structure
[13Sep2026 14:07:34.312] [pool-14-thread-1/DEBUG] [mixin/]: Mixing common.processor.StructurePieceMixin from lithostitched.mixins.json into net.minecraft.world.level.levelgen.structure.StructurePiece
[13Sep2026 14:07:34.312] [pool-14-thread-1/DEBUG] [mixin/]: lithostitched.mixins.json:common.processor.StructurePieceMixin from mod lithostitched: Class version 65 required is higher than the class version supported by the current version of Mixin (JAVA_17 supports class version 61)
[13Sep2026 14:07:34.362] [pool-14-thread-1/DEBUG] [mixin/]: Mixing common.processor.OceanRuinPieceMixin from lithostitched.mixins.json into net.minecraft.world.level.levelgen.structure.structures.OceanRuinPieces$OceanRuinPiece
[13Sep2026 14:07:34.362] [pool-14-thread-1/DEBUG] [mixin/]: lithostitched.mixins.json:common.processor.OceanRuinPieceMixin from mod lithostitched: Class version 65 required is higher than the class version supported by the current version of Mixin (JAVA_17 supports class version 61)
[13Sep2026 14:07:34.370] [pool-14-thread-1/DEBUG] [mixin/]: Mixing common.processor.IglooPieceMixin from lithostitched.mixins.json into net.minecraft.world.level.levelgen.structure.structures.IglooPieces$IglooPiece
[13Sep2026 14:07:34.370] [pool-14-thread-1/DEBUG] [mixin/]: lithostitched.mixins.json:common.processor.IglooPieceMixin from mod lithostitched: Class version 65 required is higher than the class version supported by the current version of Mixin (JAVA_17 supports class version 61)
[13Sep2026 14:07:34.373] [pool-14-thread-1/DEBUG] [mixin/]: Mixing common.processor.RuinedPortalPieceMixin from lithostitched.mixins.json into net.minecraft.world.level.levelgen.structure.structures.RuinedPortalPiece
[13Sep2026 14:07:34.373] [pool-14-thread-1/DEBUG] [mixin/]: lithostitched.mixins.json:common.processor.RuinedPortalPieceMixin from mod lithostitched: Class version 65 required is higher than the class version supported by the current version of Mixin (JAVA_17 supports class version 61)
[13Sep2026 14:07:34.387] [pool-14-thread-1/DEBUG] [mixin/]: Mixing common.processor.EndCityPieceMixin from lithostitched.mixins.json into net.minecraft.world.level.levelgen.structure.structures.EndCityPieces$EndCityPiece
[13Sep2026 14:07:34.388] [pool-14-thread-1/DEBUG] [mixin/]: lithostitched.mixins.json:common.processor.EndCityPieceMixin from mod lithostitched: Class version 65 required is higher than the class version supported by the current version of Mixin (JAVA_17 supports class version 61)
[13Sep2026 14:07:34.391] [pool-14-thread-1/DEBUG] [mixin/]: Mixing common.processor.WoodlandMansionPieceMixin from lithostitched.mixins.json into net.minecraft.world.level.levelgen.structure.structures.WoodlandMansionPieces$WoodlandMansionPiece
[13Sep2026 14:07:34.391] [pool-14-thread-1/DEBUG] [mixin/]: lithostitched.mixins.json:common.processor.WoodlandMansionPieceMixin from mod lithostitched: Class version 65 required is higher than the class version supported by the current version of Mixin (JAVA_17 supports class version 61)
[13Sep2026 14:07:34.391] [pool-14-thread-1/DEBUG] [mixin/]: Mixing common.template.mansion.WoodlandMansionPieceMixin from lithostitched.mixins.json into net.minecraft.world.level.levelgen.structure.structures.WoodlandMansionPieces$WoodlandMansionPiece
[13Sep2026 14:07:34.392] [pool-14-thread-1/DEBUG] [mixin/]: lithostitched.mixins.json:common.template.mansion.WoodlandMansionPieceMixin from mod lithostitched: Class version 65 required is higher than the class version supported by the current version of Mixin (JAVA_17 supports class version 61)
[13Sep2026 14:07:34.393] [pool-14-thread-1/DEBUG] [mixin/]: lithostitched.mixins.json:common.template.mansion.WoodlandMansionPieceMixin from mod lithostitched->@Inject::convertStringToId(Ljava/lang/String;Lorg/spongepowered/asm/mixin/injection/callback/CallbackInfoReturnable;)V does use it's CallbackInfoReturnable
[13Sep2026 14:07:34.395] [pool-14-thread-1/DEBUG] [mixin/]: Mixing common.processor.ShipwreckPieceMixin from lithostitched.mixins.json into net.minecraft.world.level.levelgen.structure.structures.ShipwreckPieces$ShipwreckPiece
[13Sep2026 14:07:34.396] [pool-14-thread-1/DEBUG] [mixin/]: lithostitched.mixins.json:common.processor.ShipwreckPieceMixin from mod lithostitched: Class version 65 required is higher than the class version supported by the current version of Mixin (JAVA_17 supports class version 61)
[13Sep2026 14:07:34.399] [pool-14-thread-1/DEBUG] [mixin/]: Mixing common.processor.NetherFossilPieceMixin from lithostitched.mixins.json into net.minecraft.world.level.levelgen.structure.structures.NetherFossilPieces$NetherFossilPiece
[13Sep2026 14:07:34.399] [pool-14-thread-1/DEBUG] [mixin/]: lithostitched.mixins.json:common.processor.NetherFossilPieceMixin from mod lithostitched: Class version 65 required is higher than the class version supported by the current version of Mixin (JAVA_17 supports class version 61)
[13Sep2026 14:07:34.407] [pool-14-thread-1/DEBUG] [mixin/]: Mixing common.MobSpawnSettingsAccessor from lithostitched.mixins.json into net.minecraft.world.level.biome.MobSpawnSettings
[13Sep2026 14:07:34.408] [pool-14-thread-1/DEBUG] [mixin/]: lithostitched.mixins.json:common.MobSpawnSettingsAccessor from mod lithostitched: Class version 65 required is higher than the class version supported by the current version of Mixin (JAVA_17 supports class version 61)
[13Sep2026 14:07:34.416] [pool-14-thread-1/DEBUG] [mixin/]: Mixing common.JigsawStructureAccessor from lithostitched.mixins.json into net.minecraft.world.level.levelgen.structure.structures.JigsawStructure
[13Sep2026 14:07:34.417] [pool-14-thread-1/DEBUG] [mixin/]: lithostitched.mixins.json:common.JigsawStructureAccessor from mod lithostitched: Class version 65 required is higher than the class version supported by the current version of Mixin (JAVA_17 supports class version 61)
[13Sep2026 14:07:34.417] [pool-14-thread-1/DEBUG] [mixin/]: Mixing common.JigsawStructureMixin from lithostitched.mixins.json into net.minecraft.world.level.levelgen.structure.structures.JigsawStructure
[13Sep2026 14:07:34.417] [pool-14-thread-1/DEBUG] [mixin/]: lithostitched.mixins.json:common.JigsawStructureMixin from mod lithostitched: Class version 65 required is higher than the class version supported by the current version of Mixin (JAVA_17 supports class version 61)
[13Sep2026 14:07:34.419] [pool-14-thread-1/DEBUG] [mixin/]: Mixing structure.jigsaw.JigsawStructureAccessor from structurify-common.mixins.json into net.minecraft.world.level.levelgen.structure.structures.JigsawStructure
[13Sep2026 14:07:34.420] [pool-14-thread-1/DEBUG] [mixin/]: Mixing structure.jigsaw.JigsawStructureMixin from structurify-common.mixins.json into net.minecraft.world.level.levelgen.structure.structures.JigsawStructure
[13Sep2026 14:07:34.435] [pool-14-thread-1/DEBUG] [mixin/]: Mixing common.StructureTemplatePoolAccessor from lithostitched.mixins.json into net.minecraft.world.level.levelgen.structure.pools.StructureTemplatePool
[13Sep2026 14:07:34.435] [pool-14-thread-1/DEBUG] [mixin/]: lithostitched.mixins.json:common.StructureTemplatePoolAccessor from mod lithostitched: Class version 65 required is higher than the class version supported by the current version of Mixin (JAVA_17 supports class version 61)
[13Sep2026 14:07:34.436] [pool-14-thread-1/DEBUG] [mixin/]: Mixing common.StructureTemplatePoolMixin from lithostitched.mixins.json into net.minecraft.world.level.levelgen.structure.pools.StructureTemplatePool
[13Sep2026 14:07:34.436] [pool-14-thread-1/DEBUG] [mixin/]: lithostitched.mixins.json:common.StructureTemplatePoolMixin from mod lithostitched: Class version 65 required is higher than the class version supported by the current version of Mixin (JAVA_17 supports class version 61)
[13Sep2026 14:07:34.437] [pool-14-thread-1/DEBUG] [mixin/]: Renaming synthetic method lambda$compileRawTemplates$0(Lcom/mojang/datafixers/util/Pair;)V to md485676$lithostitched$lambda$compileRawTemplates$0$0 in lithostitched.mixins.json:common.StructureTemplatePoolMixin from mod lithostitched
[13Sep2026 14:07:34.438] [pool-14-thread-1/DEBUG] [mixin/]: Mixing structure.StructureTemplatePoolMixin from structurify-common.mixins.json into net.minecraft.world.level.levelgen.structure.pools.StructureTemplatePool
[13Sep2026 14:07:34.440] [pool-14-thread-1/DEBUG] [mixin/]: Unexpected: Registered method setRawTemplates(Ljava/util/List;)V in net.minecraft.world.level.levelgen.structure.pools.StructureTemplatePool was not merged
[13Sep2026 14:07:34.440] [pool-14-thread-1/DEBUG] [mixin/]: Unexpected: Registered method getRawTemplates()Ljava/util/List; in net.minecraft.world.level.levelgen.structure.pools.StructureTemplatePool was not merged
[13Sep2026 14:07:34.450] [pool-14-thread-1/DEBUG] [mixin/]: Mixing common.template.NetherFossilStructureMixin from lithostitched.mixins.json into net.minecraft.world.level.levelgen.structure.structures.NetherFossilStructure
[13Sep2026 14:07:34.451] [pool-14-thread-1/DEBUG] [mixin/]: lithostitched.mixins.json:common.template.NetherFossilStructureMixin from mod lithostitched: Class version 65 required is higher than the class version supported by the current version of Mixin (JAVA_17 supports class version 61)
[13Sep2026 14:07:34.451] [pool-14-thread-1/DEBUG] [mixin/]: Renaming synthetic method lambda$useTemplateList$0(Lnet/minecraft/world/level/levelgen/structure/Structure$GenerationContext;Lnet/minecraft/core/BlockPos;Lnet/minecraft/world/level/levelgen/structure/pieces/StructurePiecesBuilder;)V to md485676$lithostitched$lambda$useTemplateList$0$0 in lithostitched.mixins.json:common.template.NetherFossilStructureMixin from mod lithostitched
[13Sep2026 14:07:34.467] [pool-14-thread-1/DEBUG] [mixin/]: Mixing common.template.RuinedPortalStructureMixin from lithostitched.mixins.json into net.minecraft.world.level.levelgen.structure.structures.RuinedPortalStructure
[13Sep2026 14:07:34.467] [pool-14-thread-1/DEBUG] [mixin/]: lithostitched.mixins.json:common.template.RuinedPortalStructureMixin from mod lithostitched: Class version 65 required is higher than the class version supported by the current version of Mixin (JAVA_17 supports class version 61)
[13Sep2026 14:07:34.475] [pool-14-thread-1/DEBUG] [mixin/]: Mixing common.template.ShipwreckStructureMixin from lithostitched.mixins.json into net.minecraft.world.level.levelgen.structure.structures.ShipwreckStructure
[13Sep2026 14:07:34.475] [pool-14-thread-1/DEBUG] [mixin/]: lithostitched.mixins.json:common.template.ShipwreckStructureMixin from mod lithostitched: Class version 65 required is higher than the class version supported by the current version of Mixin (JAVA_17 supports class version 61)
[13Sep2026 14:07:34.481] [pool-14-thread-1/DEBUG] [mixin/]: Mixing common.template.mansion.WoodlandMansionStructureMixin from lithostitched.mixins.json into net.minecraft.world.level.levelgen.structure.structures.WoodlandMansionStructure
[13Sep2026 14:07:34.481] [pool-14-thread-1/DEBUG] [mixin/]: lithostitched.mixins.json:common.template.mansion.WoodlandMansionStructureMixin from mod lithostitched: Class version 65 required is higher than the class version supported by the current version of Mixin (JAVA_17 supports class version 61)
[13Sep2026 14:07:34.486] [pool-14-thread-1/DEBUG] [mixin/]: lithostitched.mixins.json:common.template.mansion.WoodlandMansionStructureMixin from mod lithostitched->@Inject::injectRegistriesForTemplateList(Lnet/minecraft/world/level/levelgen/structure/pieces/StructurePiecesBuilder;Lnet/minecraft/world/level/levelgen/structure/Structure$GenerationContext;Lnet/minecraft/core/BlockPos;Lnet/minecraft/world/level/block/Rotation;Lorg/spongepowered/asm/mixin/injection/callback/CallbackInfo;)V does use it's CallbackInfo
[13Sep2026 14:07:34.536] [pool-14-thread-1/DEBUG] [mixin/]: Mixing common.BiomeSourceInvoker from lithostitched.mixins.json into net.minecraft.world.level.biome.BiomeSource
[13Sep2026 14:07:34.536] [pool-14-thread-1/DEBUG] [mixin/]: lithostitched.mixins.json:common.BiomeSourceInvoker from mod lithostitched: Class version 65 required is higher than the class version supported by the current version of Mixin (JAVA_17 supports class version 61)
[13Sep2026 14:07:34.556] [pool-14-thread-1/DEBUG] [mixin/]: Mixing common.BiomeGenerationSettingsAccessor from lithostitched.mixins.json into net.minecraft.world.level.biome.BiomeGenerationSettings
[13Sep2026 14:07:34.556] [pool-14-thread-1/DEBUG] [mixin/]: lithostitched.mixins.json:common.BiomeGenerationSettingsAccessor from mod lithostitched: Class version 65 required is higher than the class version supported by the current version of Mixin (JAVA_17 supports class version 61)
[13Sep2026 14:07:34.556] [pool-14-thread-1/DEBUG] [mixin/]: Renaming @Invoker method createGenerationSettings(Ljava/util/Map;Ljava/util/List;)Lnet/minecraft/world/level/biome/BiomeGenerationSettings; to createGenerationSettings$lithostitched_$md$485676$0 in lithostitched.mixins.json:common.BiomeGenerationSettingsAccessor from mod lithostitched
[13Sep2026 14:07:34.570] [pool-14-thread-1/DEBUG] [mixin/]: Mixing common.MultiNoiseBiomeSourceAccessor from lithostitched.mixins.json into net.minecraft.world.level.biome.MultiNoiseBiomeSource
[13Sep2026 14:07:34.570] [pool-14-thread-1/DEBUG] [mixin/]: lithostitched.mixins.json:common.MultiNoiseBiomeSourceAccessor from mod lithostitched: Class version 65 required is higher than the class version supported by the current version of Mixin (JAVA_17 supports class version 61)
[13Sep2026 14:07:34.571] [pool-14-thread-1/DEBUG] [mixin/]: Mixing common.mnbs.MNBSMixin from lithostitched.mixins.json into net.minecraft.world.level.biome.MultiNoiseBiomeSource
[13Sep2026 14:07:34.571] [pool-14-thread-1/DEBUG] [mixin/]: lithostitched.mixins.json:common.mnbs.MNBSMixin from mod lithostitched: Class version 65 required is higher than the class version supported by the current version of Mixin (JAVA_17 supports class version 61)
[13Sep2026 14:07:34.572] [pool-14-thread-1/DEBUG] [mixin/]: Renaming synthetic method lambda$wrapCodec$1(Lcom/mojang/serialization/codecs/RecordCodecBuilder$Instance;Lcom/mojang/serialization/codecs/RecordCodecBuilder;)Lcom/mojang/datafixers/kinds/App; to md485676$lithostitched$lambda$wrapCodec$1$0 in lithostitched.mixins.json:common.mnbs.MNBSMixin from mod lithostitched
[13Sep2026 14:07:34.572] [pool-14-thread-1/DEBUG] [mixin/]: Renaming synthetic method lambda$wrapCodec$0(Lnet/minecraft/world/level/biome/MultiNoiseBiomeSource;Lnet/minecraft/core/HolderGetter;)Lnet/minecraft/world/level/biome/MultiNoiseBiomeSource; to md485676$lithostitched$lambda$wrapCodec$0$1 in lithostitched.mixins.json:common.mnbs.MNBSMixin from mod lithostitched
[13Sep2026 14:07:34.581] [pool-14-thread-1/DEBUG] [mixin/]: Mixing common.mnbs.ParameterListAccessor from lithostitched.mixins.json into net.minecraft.world.level.biome.Climate$ParameterList
[13Sep2026 14:07:34.581] [pool-14-thread-1/DEBUG] [mixin/]: lithostitched.mixins.json:common.mnbs.ParameterListAccessor from mod lithostitched: Class version 65 required is higher than the class version supported by the current version of Mixin (JAVA_17 supports class version 61)
[13Sep2026 14:07:34.588] [pool-14-thread-1/DEBUG] [mixin/]: Mixing common.mnbs.MNBSPLMixin from lithostitched.mixins.json into net.minecraft.world.level.biome.MultiNoiseBiomeSourceParameterList
[13Sep2026 14:07:34.589] [pool-14-thread-1/DEBUG] [mixin/]: lithostitched.mixins.json:common.mnbs.MNBSPLMixin from mod lithostitched: Class version 65 required is higher than the class version supported by the current version of Mixin (JAVA_17 supports class version 61)
[13Sep2026 14:07:34.589] [pool-14-thread-1/DEBUG] [mixin/]: Renaming synthetic method lambda$wrapCodec$3(Lcom/mojang/serialization/codecs/RecordCodecBuilder$Instance;Lcom/mojang/serialization/codecs/RecordCodecBuilder;)Lcom/mojang/datafixers/kinds/App; to md485676$lithostitched$lambda$wrapCodec$3$0 in lithostitched.mixins.json:common.mnbs.MNBSPLMixin from mod lithostitched
[13Sep2026 14:07:34.589] [pool-14-thread-1/DEBUG] [mixin/]: Renaming synthetic method lambda$wrapCodec$2(Lnet/minecraft/world/level/biome/MultiNoiseBiomeSourceParameterList;Ljava/util/Optional;Ljava/util/Optional;)Lnet/minecraft/world/level/biome/MultiNoiseBiomeSourceParameterList; to md485676$lithostitched$lambda$wrapCodec$2$1 in lithostitched.mixins.json:common.mnbs.MNBSPLMixin from mod lithostitched
[13Sep2026 14:07:34.589] [pool-14-thread-1/DEBUG] [mixin/]: Renaming synthetic method lambda$wrapCodec$1(Lnet/minecraft/world/level/biome/MultiNoiseBiomeSourceParameterList;)Ljava/util/Optional; to md485676$lithostitched$lambda$wrapCodec$1$2 in lithostitched.mixins.json:common.mnbs.MNBSPLMixin from mod lithostitched
[13Sep2026 14:07:34.589] [pool-14-thread-1/DEBUG] [mixin/]: Renaming synthetic method lambda$wrapCodec$0(Lnet/minecraft/world/level/biome/MultiNoiseBiomeSourceParameterList;)Ljava/util/Optional; to md485676$lithostitched$lambda$wrapCodec$0$3 in lithostitched.mixins.json:common.mnbs.MNBSPLMixin from mod lithostitched
[13Sep2026 14:07:34.602] [pool-14-thread-1/DEBUG] [mixin/]: Mixing common.NoiseBasedChunkGeneratorAccessor from lithostitched.mixins.json into net.minecraft.world.level.levelgen.NoiseBasedChunkGenerator
[13Sep2026 14:07:34.603] [pool-14-thread-1/DEBUG] [mixin/]: lithostitched.mixins.json:common.NoiseBasedChunkGeneratorAccessor from mod lithostitched: Class version 65 required is higher than the class version supported by the current version of Mixin (JAVA_17 supports class version 61)
[13Sep2026 14:07:34.603] [pool-14-thread-1/DEBUG] [mixin/]: Mixing common.NoiseBasedChunkGeneratorMixin from lithostitched.mixins.json into net.minecraft.world.level.levelgen.NoiseBasedChunkGenerator
[13Sep2026 14:07:34.603] [pool-14-thread-1/DEBUG] [mixin/]: lithostitched.mixins.json:common.NoiseBasedChunkGeneratorMixin from mod lithostitched: Class version 65 required is higher than the class version supported by the current version of Mixin (JAVA_17 supports class version 61)
[13Sep2026 14:07:34.604] [pool-14-thread-1/DEBUG] [mixin/]: Mixing common.bandlands.NoiseBasedChunkGeneratorMixin from lithostitched.mixins.json into net.minecraft.world.level.levelgen.NoiseBasedChunkGenerator
[13Sep2026 14:07:34.604] [pool-14-thread-1/DEBUG] [mixin/]: lithostitched.mixins.json:common.bandlands.NoiseBasedChunkGeneratorMixin from mod lithostitched: Class version 65 required is higher than the class version supported by the current version of Mixin (JAVA_17 supports class version 61)
[13Sep2026 14:07:34.604] [pool-14-thread-1/DEBUG] [mixin/]: Renaming synthetic method lambda$fillBands$0(Lnet/minecraft/world/level/levelgen/RandomState;Lnet/minecraft/core/Holder$Reference;)V to md485676$lithostitched$lambda$fillBands$0$0 in lithostitched.mixins.json:common.bandlands.NoiseBasedChunkGeneratorMixin from mod lithostitched
[13Sep2026 14:07:34.606] [pool-14-thread-1/DEBUG] [mixin/]: Mixing common.compat.terrablender.NoiseBasedChunkGeneratorMixin from lithostitched.mixins.json into net.minecraft.world.level.levelgen.NoiseBasedChunkGenerator
[13Sep2026 14:07:34.606] [pool-14-thread-1/DEBUG] [mixin/]: lithostitched.mixins.json:common.compat.terrablender.NoiseBasedChunkGeneratorMixin from mod lithostitched: Class version 65 required is higher than the class version supported by the current version of Mixin (JAVA_17 supports class version 61)
[13Sep2026 14:07:34.611] [pool-14-thread-1/DEBUG] [mixin/]: lithostitched.mixins.json:common.bandlands.NoiseBasedChunkGeneratorMixin from mod lithostitched->@Inject::fillBands(Lnet/minecraft/server/level/WorldGenRegion;Lnet/minecraft/world/level/StructureManager;Lnet/minecraft/world/level/levelgen/RandomState;Lnet/minecraft/world/level/chunk/ChunkAccess;Lorg/spongepowered/asm/mixin/injection/callback/CallbackInfo;)V doesn't use it's CallbackInfo
[13Sep2026 14:07:34.611] [pool-14-thread-1/DEBUG] [mixin/]: lithostitched.mixins.json:common.bandlands.NoiseBasedChunkGeneratorMixin from mod lithostitched->@Inject::fillBands(Lnet/minecraft/server/level/WorldGenRegion;Lnet/minecraft/world/level/StructureManager;Lnet/minecraft/world/level/levelgen/RandomState;Lnet/minecraft/world/level/chunk/ChunkAccess;Lorg/spongepowered/asm/mixin/injection/callback/CallbackInfo;)V has 0 override(s) in child classes
[13Sep2026 14:07:34.611] [pool-14-thread-1/DEBUG] [mixin/]: lithostitched.mixins.json:common.bandlands.NoiseBasedChunkGeneratorMixin from mod lithostitched->@Inject::fillBands(Lnet/minecraft/server/level/WorldGenRegion;Lnet/minecraft/world/level/StructureManager;Lnet/minecraft/world/level/levelgen/RandomState;Lnet/minecraft/world/level/chunk/ChunkAccess;Lorg/spongepowered/asm/mixin/injection/callback/CallbackInfo;)V won't be passed a CallbackInfo as a result
[13Sep2026 14:07:34.617] [pool-14-thread-1/DEBUG] [mixin/]: Mixing common.ChunkGeneratorAccessor from lithostitched.mixins.json into net.minecraft.world.level.chunk.ChunkGenerator
[13Sep2026 14:07:34.617] [pool-14-thread-1/DEBUG] [mixin/]: lithostitched.mixins.json:common.ChunkGeneratorAccessor from mod lithostitched: Class version 65 required is higher than the class version supported by the current version of Mixin (JAVA_17 supports class version 61)
[13Sep2026 14:07:34.618] [pool-14-thread-1/DEBUG] [mixin/]: Mixing ChunkGeneratorMixin from structurify-common.mixins.json into net.minecraft.world.level.chunk.ChunkGenerator
[13Sep2026 14:07:34.636] [pool-14-thread-1/DEBUG] [mixin/]: Mixing common.NoiseGeneratorSettingsAccessor from lithostitched.mixins.json into net.minecraft.world.level.levelgen.NoiseGeneratorSettings
[13Sep2026 14:07:34.636] [pool-14-thread-1/DEBUG] [mixin/]: lithostitched.mixins.json:common.NoiseGeneratorSettingsAccessor from mod lithostitched: Class version 65 required is higher than the class version supported by the current version of Mixin (JAVA_17 supports class version 61)
[13Sep2026 14:07:34.688] [pool-14-thread-1/DEBUG] [mixin/]: Mixing common.density.DensityFunctionsMapAllMixin from lithostitched.mixins.json into net.minecraft.world.level.levelgen.DensityFunctions$ShiftedNoise
[13Sep2026 14:07:34.688] [pool-14-thread-1/DEBUG] [mixin/]: lithostitched.mixins.json:common.density.DensityFunctionsMapAllMixin from mod lithostitched: Class version 65 required is higher than the class version supported by the current version of Mixin (JAVA_17 supports class version 61)
[13Sep2026 14:07:34.693] [pool-14-thread-1/DEBUG] [mixin/]: Mixing common.density.DensityFunctionsMapAllMixin from lithostitched.mixins.json into net.minecraft.world.level.levelgen.DensityFunctions$RangeChoice
[13Sep2026 14:07:34.693] [pool-14-thread-1/DEBUG] [mixin/]: lithostitched.mixins.json:common.density.DensityFunctionsMapAllMixin from mod lithostitched: Class version 65 required is higher than the class version supported by the current version of Mixin (JAVA_17 supports class version 61)
[13Sep2026 14:07:34.704] [pool-14-thread-1/DEBUG] [mixin/]: Mixing common.density.DensityFunctionsMapAllMixin from lithostitched.mixins.json into net.minecraft.world.level.levelgen.DensityFunctions$Spline
[13Sep2026 14:07:34.704] [pool-14-thread-1/DEBUG] [mixin/]: lithostitched.mixins.json:common.density.DensityFunctionsMapAllMixin from mod lithostitched: Class version 65 required is higher than the class version supported by the current version of Mixin (JAVA_17 supports class version 61)
[13Sep2026 14:07:34.718] [pool-14-thread-1/DEBUG] [mixin/]: Mixing common.SinglePoolElementAccessor from lithostitched.mixins.json into net.minecraft.world.level.levelgen.structure.pools.SinglePoolElement
[13Sep2026 14:07:34.719] [pool-14-thread-1/DEBUG] [mixin/]: lithostitched.mixins.json:common.SinglePoolElementAccessor from mod lithostitched: Class version 65 required is higher than the class version supported by the current version of Mixin (JAVA_17 supports class version 61)
[13Sep2026 14:07:34.719] [pool-14-thread-1/DEBUG] [mixin/]: Mixing structure.pools.SinglePoolElementAccessor from structurify-common.mixins.json into net.minecraft.world.level.levelgen.structure.pools.SinglePoolElement
[13Sep2026 14:07:34.719] [pool-14-thread-1/DEBUG] [mixin/]: Unexpected: Registered method getTemplate()Lcom/mojang/datafixers/util/Either; in net.minecraft.world.level.levelgen.structure.pools.SinglePoolElement was not merged
[13Sep2026 14:07:35.212] [main/DEBUG] [mixin/]: Mixing common.density.DensityFunctionsMapAllMixin from lithostitched.mixins.json into net.minecraft.world.level.levelgen.DensityFunctions$Ap2
[13Sep2026 14:07:35.212] [main/DEBUG] [mixin/]: lithostitched.mixins.json:common.density.DensityFunctionsMapAllMixin from mod lithostitched: Class version 65 required is higher than the class version supported by the current version of Mixin (JAVA_17 supports class version 61)
[13Sep2026 14:07:35.351] [main/DEBUG] [mixin/]: Mixing LocateCommandInvoker from structurify-common.mixins.json into net.minecraft.server.commands.LocateCommand
[13Sep2026 14:07:35.351] [main/DEBUG] [mixin/]: Renaming @Accessor method structurify$getMaxStructureSearchRadius()I to getMaxStructureSearchRadius$structurify_$md$485676$0 in structurify-common.mixins.json:LocateCommandInvoker from mod structurify
[13Sep2026 14:07:35.352] [main/DEBUG] [mixin/]: Renaming @Accessor method structurify$getStructureNotFoundError()Lcom/mojang/brigadier/exceptions/DynamicCommandExceptionType; to getStructureNotFoundError$structurify_$md$485676$1 in structurify-common.mixins.json:LocateCommandInvoker from mod structurify
[13Sep2026 14:07:35.352] [main/DEBUG] [mixin/]: Renaming @Accessor method structurify$getStructureInvalidError()Lcom/mojang/brigadier/exceptions/DynamicCommandExceptionType; to getStructureInvalidError$structurify_$md$485676$2 in structurify-common.mixins.json:LocateCommandInvoker from mod structurify
[13Sep2026 14:07:35.352] [main/DEBUG] [mixin/]: Renaming @Invoker method structurify$invokeGetHolders(Lnet/minecraft/commands/arguments/ResourceOrTagKeyArgument$Result;Lnet/minecraft/core/Registry;)Ljava/util/Optional; to invokeGetHolders$structurify_$md$485676$3 in structurify-common.mixins.json:LocateCommandInvoker from mod structurify
[13Sep2026 14:07:35.352] [main/DEBUG] [mixin/]: Mixing LocateCommandMixin from structurify-common.mixins.json into net.minecraft.server.commands.LocateCommand
[13Sep2026 14:07:35.352] [main/DEBUG] [mixin/]: Renaming synthetic method lambda$structurify$executeLocateStructure$0(Ljava/util/Optional;Lnet/minecraft/core/HolderSet$Named;)V to md485676$structurify$lambda$structurify$executeLocateStructure$0$4 in structurify-common.mixins.json:LocateCommandMixin from mod structurify
[13Sep2026 14:07:35.531] [main/WARN] [net.minecraft.commands.Commands/]: Ambiguity between arguments [teleport, location] and [teleport, destination] with inputs: [0.1 -0.5 .9, 0 0 0]
[13Sep2026 14:07:35.533] [main/WARN] [net.minecraft.commands.Commands/]: Ambiguity between arguments [teleport, location] and [teleport, targets] with inputs: [0.1 -0.5 .9, 0 0 0]
[13Sep2026 14:07:35.536] [main/WARN] [net.minecraft.commands.Commands/]: Ambiguity between arguments [teleport, destination] and [teleport, targets] with inputs: [Player, 0123, @e, dd12be42-52a9-4a91-a8a1-11c01849e498]
[13Sep2026 14:07:35.538] [main/WARN] [net.minecraft.commands.Commands/]: Ambiguity between arguments [teleport, targets] and [teleport, destination] with inputs: [Player, 0123, dd12be42-52a9-4a91-a8a1-11c01849e498]
[13Sep2026 14:07:35.539] [main/WARN] [net.minecraft.commands.Commands/]: Ambiguity between arguments [teleport, targets, location] and [teleport, targets, destination] with inputs: [0.1 -0.5 .9, 0 0 0]
[13Sep2026 14:07:35.657] [Render thread/WARN] [net.minecraft.server.packs.VanillaPackResourcesBuilder/]: Assets URL 'union:/C:/Users/Charlie/IdeaProjects/Fractispheric/build/moddev/artifacts/neoforge-21.1.243.jar%23189!/assets/.mcassetsroot' uses unexpected schema
[13Sep2026 14:07:35.657] [Render thread/WARN] [net.minecraft.server.packs.VanillaPackResourcesBuilder/]: Assets URL 'union:/C:/Users/Charlie/IdeaProjects/Fractispheric/build/moddev/artifacts/neoforge-21.1.243.jar%23189!/data/.mcassetsroot' uses unexpected schema
[13Sep2026 14:07:35.678] [Render thread/DEBUG] [mixin/]: Mixing ResourcePackManagerAccessor from structurify-common.mixins.json into net.minecraft.server.packs.repository.PackRepository
[13Sep2026 14:07:35.682] [Render thread/INFO] [com.mojang.authlib.yggdrasil.YggdrasilAuthenticationService/]: Environment: Environment[sessionHost=https://sessionserver.mojang.com, servicesHost=https://api.minecraftservices.com, name=PROD]
[13Sep2026 14:07:35.691] [Render thread/INFO] [net.minecraft.client.Minecraft/]: Setting user: Dev
[13Sep2026 14:07:35.716] [Render thread/DEBUG] [mixin/]: Mixing OptionInstanceAccessor from yacl.mixins.json into net.minecraft.client.OptionInstance
[13Sep2026 14:07:35.717] [Render thread/DEBUG] [mixin/]: yacl.mixins.json:OptionInstanceAccessor from mod yet_another_config_lib_v3: Class version 65 required is higher than the class version supported by the current version of Mixin (JAVA_17 supports class version 61)
[13Sep2026 14:07:35.720] [Render thread/DEBUG] [mixin/]: Mixing AbstractWidgetInvoker from structurify-common.mixins.json into net.minecraft.client.gui.components.AbstractWidget
[13Sep2026 14:07:35.825] [Render thread/INFO] [net.minecraft.client.Minecraft/]: Backend library: LWJGL version 3.3.3+5
[13Sep2026 14:07:36.445] [Render thread/DEBUG] [net.neoforged.fml.ModWorkManager/LOADING]: Using 12 threads for parallel mod-loading
[13Sep2026 14:07:36.457] [Render thread/DEBUG] [net.neoforged.fml.javafmlmod.FMLModContainer/LOADING]: Creating FMLModContainer instance for [dev.worldgen.lithostitched.platform.neoforge.LithostitchedNeoforge, dev.worldgen.lithostitched.platform.neoforge.LithostitchedNeoforgeClient]
[13Sep2026 14:07:36.460] [Render thread/DEBUG] [net.neoforged.fml.javafmlmod.FMLModContainer/LOADING]: Creating FMLModContainer instance for [dev.worldgen.apollib.platform.neoforge.ApollibNeoforge]
[13Sep2026 14:07:36.460] [Render thread/DEBUG] [net.neoforged.fml.javafmlmod.FMLModContainer/LOADING]: Creating FMLModContainer instance for [com.klinbee.moredensityfunctions.MoreDensityFunctionsNeoForge]
[13Sep2026 14:07:36.461] [Render thread/DEBUG] [net.neoforged.fml.javafmlmod.FMLModContainer/LOADING]: Creating FMLModContainer instance for [net.regions_unexplored.RegionsUnexploredNeo, net.regions_unexplored.RegionsUnexploredNeoClient]
[13Sep2026 14:07:36.462] [Render thread/DEBUG] [net.neoforged.fml.javafmlmod.FMLModContainer/LOADING]: Creating FMLModContainer instance for [twilightforest.TwilightForestMod]
[13Sep2026 14:07:36.463] [Render thread/DEBUG] [net.neoforged.fml.javafmlmod.FMLModContainer/LOADING]: Creating FMLModContainer instance for [net.neoforged.neoforge.common.NeoForgeMod, net.neoforged.neoforge.client.ClientNeoForgeMod]
[13Sep2026 14:07:36.467] [Render thread/DEBUG] [net.neoforged.fml.javafmlmod.FMLModContainer/LOADING]: Creating FMLModContainer instance for [dev.isxander.yacl3.platform.PlatformEntrypoint]
[13Sep2026 14:07:36.467] [Render thread/DEBUG] [net.neoforged.fml.javafmlmod.FMLModContainer/LOADING]: Creating FMLModContainer instance for [com.faboslav.structurify.neoforge.StructurifyNeoForge]
[13Sep2026 14:07:36.468] [Render thread/DEBUG] [net.neoforged.fml.javafmlmod.FMLModContainer/LOADING]: Creating FMLModContainer instance for [com.phlorish.fractispheric.Fractispheric, com.phlorish.fractispheric.FractisphericClient]
[13Sep2026 14:07:36.489] [modloading-worker-0/INFO] [twilightforest.beanification.BeanContext/]: Starting Bean Context
[13Sep2026 14:07:36.490] [modloading-worker-0/DEBUG] [twilightforest.beanification.BeanContext/]: Registering Bean class twilightforest.beanification.BeanContext 
[13Sep2026 14:07:36.490] [modloading-worker-0/DEBUG] [twilightforest.beanification.BeanContext/]: Registering Bean annotation processors
[13Sep2026 14:07:36.492] [modloading-worker-0/DEBUG] [net.neoforged.fml.javafmlmod.AutomaticEventSubscriber/LOADING]: Attempting to inject @EventBusSubscriber classes into the eventbus for apollib
[13Sep2026 14:07:36.505] [modloading-worker-0/INFO] [YetAnotherConfigLib/]: Deserializing YACLConfig from 'C:\Users\Charlie\IdeaProjects\Fractispheric\run\config\yacl.json5'
[13Sep2026 14:07:36.509] [modloading-worker-0/DEBUG] [net.neoforged.neoforge.internal.versions.neoforge.NeoForgeVersion/CORE]: Found NeoForge version 21.1.243
[13Sep2026 14:07:36.510] [modloading-worker-0/DEBUG] [net.neoforged.neoforge.internal.versions.neoforge.NeoForgeVersion/CORE]: Found FML version 4.0.43
[13Sep2026 14:07:36.510] [modloading-worker-0/DEBUG] [twilightforest.beanification.BeanContext/]: Registered Bean processor: class twilightforest.beanification.processors.gather.ComponentAnnotationGatherBeanProcessor
[13Sep2026 14:07:36.510] [modloading-worker-0/INFO] [net.neoforged.neoforge.common.NeoForgeMod/NEOFORGE-MOD]: NeoForge mod loading, version 21.1.243, for MC 1.21.1
[13Sep2026 14:07:36.511] [modloading-worker-0/DEBUG] [twilightforest.beanification.BeanContext/]: Registered Bean processor: class twilightforest.beanification.processors.validate.DependencyValidateBeanProcessor
[13Sep2026 14:07:36.511] [modloading-worker-0/DEBUG] [twilightforest.beanification.BeanContext/]: Registered Bean processor: class twilightforest.beanification.processors.staticinject.AutowiredAnnotationStaticInjectBeanProcessor
[13Sep2026 14:07:36.511] [modloading-worker-0/DEBUG] [twilightforest.beanification.BeanContext/]: Registered Bean processor: class twilightforest.beanification.processors.staticinject.DirectoryAnnotationStaticInjectBeanProcessor
[13Sep2026 14:07:36.511] [modloading-worker-0/DEBUG] [twilightforest.beanification.BeanContext/]: Registered Bean processor: class twilightforest.beanification.processors.inspect.ComponentAnnotationInspectBeanProcessor
[13Sep2026 14:07:36.511] [modloading-worker-0/DEBUG] [twilightforest.beanification.BeanContext/]: Registered Bean processor: class twilightforest.beanification.processors.construct.ConstructBeanProcessor
[13Sep2026 14:07:36.511] [modloading-worker-0/DEBUG] [twilightforest.beanification.BeanContext/]: Registered Bean processor: class twilightforest.beanification.processors.inject.DirectoryAnnotationInjectBeanProcessor
[13Sep2026 14:07:36.512] [modloading-worker-0/DEBUG] [twilightforest.beanification.BeanContext/]: Registered Bean processor: class twilightforest.beanification.processors.inject.AutowiredAnnotationInjectBeanProcessor
[13Sep2026 14:07:36.512] [modloading-worker-0/DEBUG] [twilightforest.beanification.BeanContext/]: Registered Bean processor: class twilightforest.beanification.processors.finalize.PostConstructAnnotationFinalizeBeanProcessor
[13Sep2026 14:07:36.512] [modloading-worker-0/DEBUG] [twilightforest.beanification.BeanContext/]: Registered Bean processor: class twilightforest.beanification.processors.gather.BeanAnnotationGatherBeanProcessor
[13Sep2026 14:07:36.512] [modloading-worker-0/DEBUG] [twilightforest.beanification.BeanContext/]: Registered Bean processor: class twilightforest.beanification.processors.inspect.BeanAnnotationInspectBeanProcessor
[13Sep2026 14:07:36.513] [modloading-worker-0/DEBUG] [mixin/]: Mixing yacl.YACLScreenAccessor from structurify-common.mixins.json into dev.isxander.yacl3.gui.YACLScreen
[13Sep2026 14:07:36.514] [modloading-worker-0/DEBUG] [mixin/]: Mixing yacl.YACLScreenMixin from structurify-common.mixins.json into dev.isxander.yacl3.gui.YACLScreen
[13Sep2026 14:07:36.519] [modloading-worker-0/DEBUG] [mixin/]: structurify-common.mixins.json:yacl.YACLScreenMixin from mod structurify->@Inject::structurify$onCloseHead(Lorg/spongepowered/asm/mixin/injection/callback/CallbackInfo;)V doesn't use it's CallbackInfo
[13Sep2026 14:07:36.519] [modloading-worker-0/DEBUG] [mixin/]: structurify-common.mixins.json:yacl.YACLScreenMixin from mod structurify->@Inject::structurify$onCloseHead(Lorg/spongepowered/asm/mixin/injection/callback/CallbackInfo;)V has 0 override(s) in child classes
[13Sep2026 14:07:36.519] [modloading-worker-0/DEBUG] [mixin/]: structurify-common.mixins.json:yacl.YACLScreenMixin from mod structurify->@Inject::structurify$onCloseHead(Lorg/spongepowered/asm/mixin/injection/callback/CallbackInfo;)V won't be passed a CallbackInfo as a result
[13Sep2026 14:07:36.519] [modloading-worker-0/DEBUG] [mixin/]: structurify-common.mixins.json:yacl.YACLScreenMixin from mod structurify->@Inject::structurify$onCloseTail(Lorg/spongepowered/asm/mixin/injection/callback/CallbackInfo;)V doesn't use it's CallbackInfo
[13Sep2026 14:07:36.519] [modloading-worker-0/DEBUG] [mixin/]: structurify-common.mixins.json:yacl.YACLScreenMixin from mod structurify->@Inject::structurify$onCloseTail(Lorg/spongepowered/asm/mixin/injection/callback/CallbackInfo;)V has 0 override(s) in child classes
[13Sep2026 14:07:36.519] [modloading-worker-0/DEBUG] [mixin/]: structurify-common.mixins.json:yacl.YACLScreenMixin from mod structurify->@Inject::structurify$onCloseTail(Lorg/spongepowered/asm/mixin/injection/callback/CallbackInfo;)V won't be passed a CallbackInfo as a result
[13Sep2026 14:07:36.520] [modloading-worker-0/DEBUG] [net.neoforged.fml.javafmlmod.AutomaticEventSubscriber/LOADING]: Attempting to inject @EventBusSubscriber classes into the eventbus for yet_another_config_lib_v3
[13Sep2026 14:07:36.520] [modloading-worker-0/DEBUG] [twilightforest.beanification.BeanContext/]: Running processor class twilightforest.beanification.processors.gather.ComponentAnnotationGatherBeanProcessor
[13Sep2026 14:07:36.528] [modloading-worker-0/DEBUG] [net.neoforged.fml.javafmlmod.AutomaticEventSubscriber/LOADING]: Attempting to inject @EventBusSubscriber classes into the eventbus for structurify
[13Sep2026 14:07:36.535] [modloading-worker-0/DEBUG] [net.neoforged.fml.config.ConfigTracker/CONFIG]: Config file neoforge-client.toml for neoforge tracking
[13Sep2026 14:07:36.535] [modloading-worker-0/DEBUG] [net.neoforged.fml.config.ConfigTracker/CONFIG]: Config file fractispheric-common.toml for fractispheric tracking
[13Sep2026 14:07:36.535] [modloading-worker-0/DEBUG] [net.neoforged.fml.config.ConfigTracker/CONFIG]: Config file neoforge-server.toml for neoforge tracking
[13Sep2026 14:07:36.535] [modloading-worker-0/DEBUG] [net.neoforged.fml.config.ConfigTracker/CONFIG]: Config file neoforge-common.toml for neoforge tracking
[13Sep2026 14:07:36.555] [modloading-worker-0/DEBUG] [net.neoforged.fml.javafmlmod.AutomaticEventSubscriber/LOADING]: Attempting to inject @EventBusSubscriber classes into the eventbus for fractispheric
[13Sep2026 14:07:36.555] [modloading-worker-0/DEBUG] [net.neoforged.fml.javafmlmod.AutomaticEventSubscriber/LOADING]: Scanning class com.phlorish.fractispheric.FractisphericClient for @SubscribeEvent-annotated methods
[13Sep2026 14:07:36.555] [modloading-worker-0/DEBUG] [net.neoforged.fml.javafmlmod.AutomaticEventSubscriber/]: Subscribing @EventBusSubscriber class Lcom/phlorish/fractispheric/FractisphericClient; to the mod event bus of mod fractispheric
[13Sep2026 14:07:36.595] [modloading-worker-0/DEBUG] [net.neoforged.fml.javafmlmod.AutomaticEventSubscriber/LOADING]: Attempting to inject @EventBusSubscriber classes into the eventbus for neoforge
[13Sep2026 14:07:36.596] [modloading-worker-0/DEBUG] [net.neoforged.fml.javafmlmod.AutomaticEventSubscriber/LOADING]: Scanning class net.neoforged.neoforge.server.command.ConfigCommand for @SubscribeEvent-annotated methods
[13Sep2026 14:07:36.596] [modloading-worker-0/DEBUG] [net.neoforged.fml.javafmlmod.AutomaticEventSubscriber/]: Subscribing @EventBusSubscriber class Lnet/neoforged/neoforge/server/command/ConfigCommand; to the game event bus
[13Sep2026 14:07:36.598] [modloading-worker-0/DEBUG] [net.neoforged.fml.javafmlmod.AutomaticEventSubscriber/LOADING]: Scanning class net.neoforged.neoforge.network.filters.GenericPacketSplitter for @SubscribeEvent-annotated methods
[13Sep2026 14:07:36.619] [modloading-worker-0/DEBUG] [net.neoforged.fml.javafmlmod.AutomaticEventSubscriber/LOADING]: Attempting to inject @EventBusSubscriber classes into the eventbus for moredensityfunctions
[13Sep2026 14:07:36.625] [modloading-worker-0/DEBUG] [twilightforest.beanification.BeanContext/]: Running processor class twilightforest.beanification.processors.gather.BeanAnnotationGatherBeanProcessor
[13Sep2026 14:07:36.626] [modloading-worker-0/DEBUG] [twilightforest.beanification.BeanContext/]: Running processor class twilightforest.beanification.processors.inspect.ComponentAnnotationInspectBeanProcessor
[13Sep2026 14:07:36.627] [modloading-worker-0/DEBUG] [twilightforest.beanification.BeanContext/]: Running processor class twilightforest.beanification.processors.inspect.BeanAnnotationInspectBeanProcessor
[13Sep2026 14:07:36.628] [modloading-worker-0/DEBUG] [twilightforest.beanification.BeanContext/]: Running processor class twilightforest.beanification.processors.validate.DependencyValidateBeanProcessor
[13Sep2026 14:07:36.629] [modloading-worker-0/DEBUG] [twilightforest.beanification.BeanContext/]: Running processor class twilightforest.beanification.processors.construct.ConstructBeanProcessor
[13Sep2026 14:07:36.629] [modloading-worker-0/DEBUG] [io.netty.buffer.AbstractByteBuf/]: -Dio.netty.buffer.checkAccessible: true
[13Sep2026 14:07:36.629] [modloading-worker-0/DEBUG] [io.netty.buffer.AbstractByteBuf/]: -Dio.netty.buffer.checkBounds: true
[13Sep2026 14:07:36.629] [modloading-worker-0/DEBUG] [twilightforest.beanification.BeanContext/]: Registering Bean class twilightforest.command.StructureDistanceCommand 
[13Sep2026 14:07:36.629] [modloading-worker-0/DEBUG] [twilightforest.beanification.BeanContext/]: Registering Bean class twilightforest.command.CenterCommand 
[13Sep2026 14:07:36.629] [modloading-worker-0/DEBUG] [twilightforest.beanification.BeanContext/]: Registering Bean class twilightforest.events.EntityEvents 
[13Sep2026 14:07:36.630] [modloading-worker-0/DEBUG] [io.netty.util.ResourceLeakDetectorFactory/]: Loaded default ResourceLeakDetector: io.netty.util.ResourceLeakDetector@52f6b0df
[13Sep2026 14:07:36.630] [modloading-worker-0/DEBUG] [twilightforest.beanification.BeanContext/]: Registering Bean class twilightforest.world.components.structures.lichtowerrevamp.LichTowerUtil 
[13Sep2026 14:07:36.630] [modloading-worker-0/DEBUG] [twilightforest.beanification.BeanContext/]: Registering Bean class twilightforest.events.TravellersGearEvents 
[13Sep2026 14:07:36.630] [modloading-worker-0/DEBUG] [twilightforest.beanification.BeanContext/]: Registering Bean class twilightforest.events.MiscEvents 
[13Sep2026 14:07:36.630] [modloading-worker-0/DEBUG] [twilightforest.beanification.BeanContext/]: Registering Bean class twilightforest.command.MapLocatorCommand 
[13Sep2026 14:07:36.631] [modloading-worker-0/DEBUG] [twilightforest.beanification.BeanContext/]: Registering Bean class twilightforest.util.multiparts.MultipartEntityUtil 
[13Sep2026 14:07:36.631] [modloading-worker-0/DEBUG] [twilightforest.beanification.BeanContext/]: Registering Bean class twilightforest.command.GenerateBookCommand 
[13Sep2026 14:07:36.631] [modloading-worker-0/DEBUG] [twilightforest.beanification.BeanContext/]: Registering Bean class twilightforest.events.HostileMountEvents 
[13Sep2026 14:07:36.631] [modloading-worker-0/DEBUG] [twilightforest.beanification.BeanContext/]: Registering Bean class twilightforest.client.event.ClientRegistrationEvents 
[13Sep2026 14:07:36.631] [modloading-worker-0/DEBUG] [twilightforest.beanification.BeanContext/]: Registering Bean class twilightforest.command.CountTemplateCommand 
[13Sep2026 14:07:36.631] [modloading-worker-0/DEBUG] [twilightforest.beanification.BeanContext/]: Registering Bean class twilightforest.world.components.structures.selectors.StrongholdStonesRandomBlockSelectorFactory 
[13Sep2026 14:07:36.631] [modloading-worker-0/DEBUG] [twilightforest.beanification.BeanContext/]: Registering Bean class twilightforest.util.HolderMatcher 
[13Sep2026 14:07:36.631] [modloading-worker-0/DEBUG] [twilightforest.beanification.BeanContext/]: Registering Bean class twilightforest.world.components.structures.selectors.KnightStonesRandomBlockSelectorFactory 
[13Sep2026 14:07:36.631] [modloading-worker-0/DEBUG] [twilightforest.beanification.BeanContext/]: Registering Bean class twilightforest.util.ArmorUtil 
[13Sep2026 14:07:36.631] [modloading-worker-0/DEBUG] [twilightforest.beanification.BeanContext/]: Registering Bean class twilightforest.command.InfoCommand 
[13Sep2026 14:07:36.631] [modloading-worker-0/DEBUG] [twilightforest.beanification.BeanContext/]: Registering Bean class twilightforest.events.CapabilityEvents 
[13Sep2026 14:07:36.631] [modloading-worker-0/DEBUG] [twilightforest.beanification.BeanContext/]: Registering Bean class twilightforest.world.components.structures.selectors.CastleRandomBlockSelectorFactory 
[13Sep2026 14:07:36.632] [modloading-worker-0/DEBUG] [twilightforest.beanification.BeanContext/]: Registering Bean class twilightforest.command.DisplayPiecesCommand 
[13Sep2026 14:07:36.632] [modloading-worker-0/DEBUG] [twilightforest.beanification.BeanContext/]: Registering Bean class twilightforest.world.components.BiomeColorAlgorithms 
[13Sep2026 14:07:36.632] [modloading-worker-0/DEBUG] [twilightforest.beanification.BeanContext/]: Registering Bean class twilightforest.command.ConquerCommand 
[13Sep2026 14:07:36.633] [modloading-worker-0/DEBUG] [twilightforest.beanification.BeanContext/]: Registering Bean class twilightforest.world.components.structures.lichtowerrevamp.LichTowerPieces 
[13Sep2026 14:07:36.636] [modloading-worker-0/DEBUG] [twilightforest.beanification.BeanContext/]: Registering Bean class twilightforest.enums.extensions.TFItemDisplayContextEnumExtension 
[13Sep2026 14:07:36.636] [modloading-worker-0/DEBUG] [twilightforest.beanification.BeanContext/]: Registering Bean class twilightforest.events.ProgressionEvents 
[13Sep2026 14:07:36.637] [modloading-worker-0/DEBUG] [twilightforest.beanification.BeanContext/]: Registering Bean class twilightforest.network.ModUpdateURLInterceptor 
[13Sep2026 14:07:36.637] [modloading-worker-0/DEBUG] [twilightforest.beanification.BeanContext/]: Registering Bean class twilightforest.command.TFTeleportCommand 
[13Sep2026 14:07:36.637] [modloading-worker-0/DEBUG] [twilightforest.beanification.BeanContext/]: Registering Bean class twilightforest.world.components.structures.camp.CampPieces 
[13Sep2026 14:07:36.637] [modloading-worker-0/DEBUG] [twilightforest.beanification.BeanContext/]: Registering Bean class twilightforest.command.MapBiomesCommand 
[13Sep2026 14:07:36.637] [modloading-worker-0/DEBUG] [twilightforest.beanification.BeanContext/]: Registering Bean class twilightforest.enums.extensions.TFDamageEffectsEnumExtension 
[13Sep2026 14:07:36.637] [modloading-worker-0/DEBUG] [twilightforest.beanification.BeanContext/]: Registering Bean class twilightforest.events.ToolEvents 
[13Sep2026 14:07:36.637] [modloading-worker-0/DEBUG] [twilightforest.beanification.BeanContext/]: Registering Bean class twilightforest.client.event.ClientGameEvents 
[13Sep2026 14:07:36.638] [modloading-worker-0/DEBUG] [twilightforest.beanification.BeanContext/]: Registering Bean class twilightforest.client.event.TravellersClientEvents 
[13Sep2026 14:07:36.638] [modloading-worker-0/DEBUG] [twilightforest.beanification.BeanContext/]: Registering Bean class twilightforest.events.CharmEvents 
[13Sep2026 14:07:36.638] [modloading-worker-0/DEBUG] [twilightforest.beanification.BeanContext/]: Registering Bean class twilightforest.util.HolidayEvent 
[13Sep2026 14:07:36.639] [modloading-worker-0/DEBUG] [io.netty.util.internal.InternalThreadLocalMap/]: -Dio.netty.threadLocalMap.stringBuilder.initialSize: 1024
[13Sep2026 14:07:36.639] [modloading-worker-0/DEBUG] [io.netty.util.internal.InternalThreadLocalMap/]: -Dio.netty.threadLocalMap.stringBuilder.maxSize: 4096
[13Sep2026 14:07:36.640] [modloading-worker-0/DEBUG] [twilightforest.beanification.BeanContext/]: Registering Bean class twilightforest.advancements.DrinkFromFlaskTrigger$TriggerInstance$DrinkFromFlaskTriggerInstanceFactory 
[13Sep2026 14:07:36.640] [modloading-worker-0/DEBUG] [twilightforest.beanification.BeanContext/]: Registering Bean class twilightforest.command.SinisterSpawnerCommand 
[13Sep2026 14:07:36.640] [modloading-worker-0/DEBUG] [twilightforest.beanification.BeanContext/]: Registering Bean class twilightforest.enums.extensions.TFGrassColorModifierEnumExtension 
[13Sep2026 14:07:36.641] [modloading-worker-0/DEBUG] [twilightforest.beanification.BeanContext/]: Registering Bean class twilightforest.command.TravellersGearCommand 
[13Sep2026 14:07:36.641] [modloading-worker-0/DEBUG] [twilightforest.beanification.BeanContext/]: Registering Bean class twilightforest.world.components.structures.selectors.MazestoneRandomBlockSelectoryFactory 
[13Sep2026 14:07:36.642] [modloading-worker-0/DEBUG] [io.netty.buffer.PooledByteBufAllocator/]: -Dio.netty.allocator.numHeapArenas: 24
[13Sep2026 14:07:36.642] [modloading-worker-0/DEBUG] [io.netty.buffer.PooledByteBufAllocator/]: -Dio.netty.allocator.numDirectArenas: 24
[13Sep2026 14:07:36.642] [modloading-worker-0/DEBUG] [io.netty.buffer.PooledByteBufAllocator/]: -Dio.netty.allocator.pageSize: 8192
[13Sep2026 14:07:36.642] [modloading-worker-0/DEBUG] [io.netty.buffer.PooledByteBufAllocator/]: -Dio.netty.allocator.maxOrder: 9
[13Sep2026 14:07:36.642] [modloading-worker-0/DEBUG] [io.netty.buffer.PooledByteBufAllocator/]: -Dio.netty.allocator.chunkSize: 4194304
[13Sep2026 14:07:36.642] [modloading-worker-0/DEBUG] [io.netty.buffer.PooledByteBufAllocator/]: -Dio.netty.allocator.smallCacheSize: 256
[13Sep2026 14:07:36.642] [modloading-worker-0/DEBUG] [io.netty.buffer.PooledByteBufAllocator/]: -Dio.netty.allocator.normalCacheSize: 64
[13Sep2026 14:07:36.642] [modloading-worker-0/DEBUG] [io.netty.buffer.PooledByteBufAllocator/]: -Dio.netty.allocator.maxCachedBufferCapacity: 32768
[13Sep2026 14:07:36.642] [modloading-worker-0/DEBUG] [io.netty.buffer.PooledByteBufAllocator/]: -Dio.netty.allocator.cacheTrimInterval: 8192
[13Sep2026 14:07:36.643] [modloading-worker-0/DEBUG] [io.netty.buffer.PooledByteBufAllocator/]: -Dio.netty.allocator.cacheTrimIntervalMillis: 0
[13Sep2026 14:07:36.643] [modloading-worker-0/DEBUG] [io.netty.buffer.PooledByteBufAllocator/]: -Dio.netty.allocator.useCacheForAllThreads: false
[13Sep2026 14:07:36.643] [modloading-worker-0/DEBUG] [io.netty.buffer.PooledByteBufAllocator/]: -Dio.netty.allocator.maxCachedByteBuffersPerChunk: 1023
[13Sep2026 14:07:36.645] [modloading-worker-0/DEBUG] [twilightforest.beanification.BeanContext/]: Registering Bean class twilightforest.entity.passive.quest.ram.QuestingRamCurrentContext 
[13Sep2026 14:07:36.645] [modloading-worker-0/DEBUG] [twilightforest.beanification.BeanContext/]: Registering Bean class twilightforest.command.TFCommand 
[13Sep2026 14:07:36.645] [modloading-worker-0/DEBUG] [twilightforest.beanification.BeanContext/]: Registering Bean class twilightforest.command.ClearDisplayCommand 
[13Sep2026 14:07:36.645] [modloading-worker-0/DEBUG] [twilightforest.beanification.BeanContext/]: Registering Bean class twilightforest.command.ShieldCommand 
[13Sep2026 14:07:36.652] [modloading-worker-0/DEBUG] [io.netty.buffer.ByteBufUtil/]: -Dio.netty.allocator.type: pooled
[13Sep2026 14:07:36.652] [modloading-worker-0/DEBUG] [io.netty.buffer.ByteBufUtil/]: -Dio.netty.threadLocalDirectBufferSize: 0
[13Sep2026 14:07:36.652] [modloading-worker-0/DEBUG] [io.netty.buffer.ByteBufUtil/]: -Dio.netty.maxThreadLocalCharBufferSize: 16384
[13Sep2026 14:07:36.656] [modloading-worker-0/DEBUG] [twilightforest.beanification.BeanContext/]: Registering Bean class twilightforest.world.components.structures.util.StructureTemplateDefinitions 
[13Sep2026 14:07:36.656] [modloading-worker-0/DEBUG] [twilightforest.beanification.BeanContext/]: Registering Bean class twilightforest.world.components.structures.selectors.TowerwoodRandomBlockSelectorFactory 
[13Sep2026 14:07:36.660] [modloading-worker-0/DEBUG] [twilightforest.beanification.BeanContext/]: Registering Bean class twilightforest.client.FoliageColorHandler 
[13Sep2026 14:07:36.661] [modloading-worker-0/DEBUG] [twilightforest.beanification.BeanContext/]: Registering Bean class twilightforest.util.ModidPrefixUtil 
[13Sep2026 14:07:36.661] [modloading-worker-0/DEBUG] [twilightforest.beanification.BeanContext/]: Registering Bean class twilightforest.util.DirectionUtil 
[13Sep2026 14:07:36.661] [modloading-worker-0/DEBUG] [twilightforest.beanification.BeanContext/]: Registering Bean class twilightforest.enums.extensions.TFRarityEnumExtension 
[13Sep2026 14:07:36.661] [modloading-worker-0/DEBUG] [net.neoforged.fml.javafmlmod.AutomaticEventSubscriber/]: Subscribing @EventBusSubscriber class Lnet/neoforged/neoforge/network/filters/GenericPacketSplitter; to the mod event bus of mod neoforge
[13Sep2026 14:07:36.662] [modloading-worker-0/DEBUG] [twilightforest.beanification.BeanContext/]: Registering Bean class twilightforest.enums.extensions.TFBoatTypeEnumExtension 
[13Sep2026 14:07:36.662] [modloading-worker-0/DEBUG] [twilightforest.beanification.BeanContext/]: Registering Bean class twilightforest.world.components.structures.selectors.IceTowerRandomBlockSelectorFactory 
[13Sep2026 14:07:36.662] [modloading-worker-0/DEBUG] [twilightforest.beanification.BeanContext/]: Registering Bean class twilightforest.command.CountLootCommand 
[13Sep2026 14:07:36.662] [modloading-worker-0/DEBUG] [twilightforest.beanification.BeanContext/]: Registering Bean class twilightforest.util.DisplayUtil 
[13Sep2026 14:07:36.662] [modloading-worker-0/DEBUG] [twilightforest.beanification.BeanContext/]: Registering Bean class twilightforest.data.helpers.AdvancementDataMultiRequirements 
[13Sep2026 14:07:36.663] [modloading-worker-0/DEBUG] [twilightforest.beanification.BeanContext/]: Registering Bean class twilightforest.events.RegistrationEvents 
[13Sep2026 14:07:36.663] [modloading-worker-0/DEBUG] [twilightforest.beanification.BeanContext/]: Running processor class twilightforest.beanification.processors.staticinject.AutowiredAnnotationStaticInjectBeanProcessor
[13Sep2026 14:07:36.664] [modloading-worker-0/DEBUG] [net.neoforged.fml.javafmlmod.AutomaticEventSubscriber/LOADING]: Scanning class net.neoforged.neoforge.network.NetworkInitialization for @SubscribeEvent-annotated methods
[13Sep2026 14:07:36.665] [modloading-worker-0/DEBUG] [net.neoforged.fml.javafmlmod.AutomaticEventSubscriber/]: Subscribing @EventBusSubscriber class Lnet/neoforged/neoforge/network/NetworkInitialization; to the mod event bus of mod neoforge
[13Sep2026 14:07:36.665] [modloading-worker-0/DEBUG] [net.neoforged.fml.javafmlmod.AutomaticEventSubscriber/LOADING]: Scanning class net.neoforged.neoforge.network.ConfigurationInitialization for @SubscribeEvent-annotated methods
[13Sep2026 14:07:36.670] [modloading-worker-0/DEBUG] [net.neoforged.fml.javafmlmod.AutomaticEventSubscriber/]: Subscribing @EventBusSubscriber class Lnet/neoforged/neoforge/network/ConfigurationInitialization; to the mod event bus of mod neoforge
[13Sep2026 14:07:36.670] [modloading-worker-0/DEBUG] [net.neoforged.fml.javafmlmod.AutomaticEventSubscriber/LOADING]: Scanning class net.neoforged.neoforge.common.MonsterRoomHooks for @SubscribeEvent-annotated methods
[13Sep2026 14:07:36.671] [modloading-worker-0/DEBUG] [net.neoforged.fml.javafmlmod.AutomaticEventSubscriber/]: Subscribing @EventBusSubscriber class Lnet/neoforged/neoforge/common/MonsterRoomHooks; to the game event bus
[13Sep2026 14:07:36.672] [modloading-worker-0/DEBUG] [net.neoforged.fml.javafmlmod.AutomaticEventSubscriber/LOADING]: Scanning class net.neoforged.neoforge.common.DeferredSpawnEggItem$CommonHandler for @SubscribeEvent-annotated methods
[13Sep2026 14:07:36.673] [modloading-worker-0/DEBUG] [net.neoforged.fml.javafmlmod.AutomaticEventSubscriber/]: Subscribing @EventBusSubscriber class Lnet/neoforged/neoforge/common/DeferredSpawnEggItem$CommonHandler; to the mod event bus of mod neoforge
[13Sep2026 14:07:36.674] [modloading-worker-0/DEBUG] [net.neoforged.fml.javafmlmod.AutomaticEventSubscriber/LOADING]: Scanning class net.neoforged.neoforge.common.DeferredSpawnEggItem$ColorRegisterHandler for @SubscribeEvent-annotated methods
[13Sep2026 14:07:36.675] [modloading-worker-0/DEBUG] [net.neoforged.fml.javafmlmod.AutomaticEventSubscriber/]: Subscribing @EventBusSubscriber class Lnet/neoforged/neoforge/common/DeferredSpawnEggItem$ColorRegisterHandler; to the mod event bus of mod neoforge
[13Sep2026 14:07:36.675] [modloading-worker-0/DEBUG] [net.neoforged.fml.javafmlmod.AutomaticEventSubscriber/LOADING]: Scanning class net.neoforged.neoforge.client.model.data.ModelDataManager for @SubscribeEvent-annotated methods
[13Sep2026 14:07:36.678] [modloading-worker-0/DEBUG] [net.neoforged.fml.javafmlmod.AutomaticEventSubscriber/]: Subscribing @EventBusSubscriber class Lnet/neoforged/neoforge/client/model/data/ModelDataManager; to the game event bus
[13Sep2026 14:07:36.678] [modloading-worker-0/DEBUG] [net.neoforged.fml.javafmlmod.AutomaticEventSubscriber/LOADING]: Scanning class net.neoforged.neoforge.client.ParticleBoundsDebugRenderer for @SubscribeEvent-annotated methods
[13Sep2026 14:07:36.681] [modloading-worker-0/DEBUG] [net.neoforged.fml.javafmlmod.AutomaticEventSubscriber/]: Subscribing @EventBusSubscriber class Lnet/neoforged/neoforge/client/ParticleBoundsDebugRenderer; to the game event bus
[13Sep2026 14:07:36.682] [modloading-worker-0/DEBUG] [net.neoforged.fml.javafmlmod.AutomaticEventSubscriber/LOADING]: Scanning class net.neoforged.neoforge.client.ClientHooks$ClientEvents for @SubscribeEvent-annotated methods
[13Sep2026 14:07:36.685] [modloading-worker-0/DEBUG] [net.neoforged.fml.javafmlmod.AutomaticEventSubscriber/]: Subscribing @EventBusSubscriber class Lnet/neoforged/neoforge/client/ClientHooks$ClientEvents; to the mod event bus of mod neoforge
[13Sep2026 14:07:36.685] [modloading-worker-0/DEBUG] [net.neoforged.fml.javafmlmod.AutomaticEventSubscriber/LOADING]: Scanning class net.neoforged.neoforge.client.BlockEntityRenderBoundsDebugRenderer for @SubscribeEvent-annotated methods
[13Sep2026 14:07:36.686] [modloading-worker-0/DEBUG] [net.neoforged.fml.javafmlmod.AutomaticEventSubscriber/]: Subscribing @EventBusSubscriber class Lnet/neoforged/neoforge/client/BlockEntityRenderBoundsDebugRenderer; to the game event bus
[13Sep2026 14:07:36.687] [modloading-worker-0/DEBUG] [net.neoforged.fml.javafmlmod.AutomaticEventSubscriber/LOADING]: Scanning class net.neoforged.neoforge.attachment.AttachmentSync for @SubscribeEvent-annotated methods
[13Sep2026 14:07:36.690] [modloading-worker-0/DEBUG] [net.neoforged.fml.javafmlmod.AutomaticEventSubscriber/]: Subscribing @EventBusSubscriber class Lnet/neoforged/neoforge/attachment/AttachmentSync; to the game event bus
[13Sep2026 14:07:36.691] [modloading-worker-0/DEBUG] [net.neoforged.fml.javafmlmod.AutomaticEventSubscriber/LOADING]: Scanning class net.neoforged.neoforge.attachment.AttachmentInternals for @SubscribeEvent-annotated methods
[13Sep2026 14:07:36.691] [modloading-worker-0/DEBUG] [net.neoforged.fml.javafmlmod.AutomaticEventSubscriber/]: Subscribing @EventBusSubscriber class Lnet/neoforged/neoforge/attachment/AttachmentInternals; to the game event bus
[13Sep2026 14:07:36.766] [modloading-worker-0/DEBUG] [twilightforest.beanification.BeanContext/]: Running processor class twilightforest.beanification.processors.staticinject.DirectoryAnnotationStaticInjectBeanProcessor
[13Sep2026 14:07:36.767] [modloading-worker-0/DEBUG] [twilightforest.beanification.BeanContext/]: Running processor class twilightforest.beanification.processors.inject.DirectoryAnnotationInjectBeanProcessor
[13Sep2026 14:07:36.770] [modloading-worker-0/DEBUG] [twilightforest.beanification.BeanContext/]: Running processor class twilightforest.beanification.processors.inject.AutowiredAnnotationInjectBeanProcessor
[13Sep2026 14:07:36.780] [modloading-worker-0/DEBUG] [twilightforest.beanification.BeanContext/]: Running processor class twilightforest.beanification.processors.finalize.PostConstructAnnotationFinalizeBeanProcessor
[13Sep2026 14:07:36.781] [modloading-worker-0/DEBUG] [mixin/]: Mixing StructureManagerMixin from structurify-common.mixins.json into net.minecraft.world.level.StructureManager
[13Sep2026 14:07:36.783] [modloading-worker-0/DEBUG] [net.neoforged.fml.javafmlmod.AutomaticEventSubscriber/LOADING]: Attempting to inject @EventBusSubscriber classes into the eventbus for lithostitched
[13Sep2026 14:07:36.788] [modloading-worker-0/DEBUG] [mixin/]: Mixing common.processor.StructureStartMixin from lithostitched.mixins.json into net.minecraft.world.level.levelgen.structure.StructureStart
[13Sep2026 14:07:36.788] [modloading-worker-0/DEBUG] [mixin/]: lithostitched.mixins.json:common.processor.StructureStartMixin from mod lithostitched: Class version 65 required is higher than the class version supported by the current version of Mixin (JAVA_17 supports class version 61)
[13Sep2026 14:07:36.791] [modloading-worker-0/DEBUG] [mixin/]: lithostitched.mixins.json:common.processor.StructureStartMixin from mod lithostitched->@Inject::storeReferencePos(Lnet/minecraft/world/level/WorldGenLevel;Lnet/minecraft/world/level/StructureManager;Lnet/minecraft/world/level/chunk/ChunkGenerator;Lnet/minecraft/util/RandomSource;Lnet/minecraft/world/level/levelgen/structure/BoundingBox;Lnet/minecraft/world/level/ChunkPos;Lorg/spongepowered/asm/mixin/injection/callback/CallbackInfo;)V doesn't use it's CallbackInfo
[13Sep2026 14:07:36.791] [modloading-worker-0/DEBUG] [mixin/]: lithostitched.mixins.json:common.processor.StructureStartMixin from mod lithostitched->@Inject::storeReferencePos(Lnet/minecraft/world/level/WorldGenLevel;Lnet/minecraft/world/level/StructureManager;Lnet/minecraft/world/level/chunk/ChunkGenerator;Lnet/minecraft/util/RandomSource;Lnet/minecraft/world/level/levelgen/structure/BoundingBox;Lnet/minecraft/world/level/ChunkPos;Lorg/spongepowered/asm/mixin/injection/callback/CallbackInfo;)V has 0 override(s) in child classes
[13Sep2026 14:07:36.791] [modloading-worker-0/DEBUG] [mixin/]: lithostitched.mixins.json:common.processor.StructureStartMixin from mod lithostitched->@Inject::storeReferencePos(Lnet/minecraft/world/level/WorldGenLevel;Lnet/minecraft/world/level/StructureManager;Lnet/minecraft/world/level/chunk/ChunkGenerator;Lnet/minecraft/util/RandomSource;Lnet/minecraft/world/level/levelgen/structure/BoundingBox;Lnet/minecraft/world/level/ChunkPos;Lorg/spongepowered/asm/mixin/injection/callback/CallbackInfo;)V won't be passed a CallbackInfo as a result
[13Sep2026 14:07:36.842] [modloading-worker-0/DEBUG] [net.neoforged.fml.javafmlmod.AutomaticEventSubscriber/LOADING]: Attempting to inject @EventBusSubscriber classes into the eventbus for regions_unexplored
[13Sep2026 14:07:36.842] [modloading-worker-0/DEBUG] [net.neoforged.fml.javafmlmod.AutomaticEventSubscriber/LOADING]: Scanning class net.regions_unexplored.client.ParticleRegistration for @SubscribeEvent-annotated methods
[13Sep2026 14:07:36.842] [modloading-worker-0/DEBUG] [net.neoforged.fml.javafmlmod.AutomaticEventSubscriber/]: Subscribing @EventBusSubscriber class Lnet/regions_unexplored/client/ParticleRegistration; to the mod event bus of mod regions_unexplored
[13Sep2026 14:07:36.863] [modloading-worker-0/INFO] [twilightforest.beanification.BeanContext/]: Bean Context loaded in 374 ms
[13Sep2026 14:07:36.868] [modloading-worker-0/DEBUG] [net.neoforged.fml.config.ConfigTracker/CONFIG]: Config file twilightforest-common.toml for twilightforest tracking
[13Sep2026 14:07:36.872] [modloading-worker-0/DEBUG] [net.neoforged.fml.config.ConfigTracker/CONFIG]: Config file twilightforest-client.toml for twilightforest tracking
[13Sep2026 14:07:37.173] [modloading-worker-0/DEBUG] [net.neoforged.fml.javafmlmod.AutomaticEventSubscriber/LOADING]: Attempting to inject @EventBusSubscriber classes into the eventbus for twilightforest
[13Sep2026 14:07:37.173] [modloading-worker-0/DEBUG] [net.neoforged.fml.javafmlmod.AutomaticEventSubscriber/LOADING]: Scanning class twilightforest.data.DataGenerators for @SubscribeEvent-annotated methods
[13Sep2026 14:07:37.175] [modloading-worker-0/DEBUG] [net.neoforged.fml.javafmlmod.AutomaticEventSubscriber/]: Subscribing @EventBusSubscriber class Ltwilightforest/data/DataGenerators; to the mod event bus of mod twilightforest
[13Sep2026 14:07:37.179] [modloading-sync-worker/DEBUG] [mixin/]: Mixing common.predicate.RegistryDataLoaderMixin from lithostitched.mixins.json into net.minecraft.resources.RegistryDataLoader
[13Sep2026 14:07:37.180] [modloading-sync-worker/DEBUG] [mixin/]: lithostitched.mixins.json:common.predicate.RegistryDataLoaderMixin from mod lithostitched: Class version 65 required is higher than the class version supported by the current version of Mixin (JAVA_17 supports class version 61)
[13Sep2026 14:07:37.183] [modloading-sync-worker/DEBUG] [mixin/]: lithostitched.mixins.json:common.predicate.RegistryDataLoaderMixin from mod lithostitched->@Inject::applyLoadPredicates(Lnet/minecraft/core/WritableRegistry;Lcom/mojang/serialization/Decoder;Lnet/minecraft/resources/RegistryOps;Lnet/minecraft/resources/ResourceKey;Lnet/minecraft/server/packs/resources/Resource;Lnet/minecraft/core/RegistrationInfo;Lorg/spongepowered/asm/mixin/injection/callback/CallbackInfo;)V does use it's CallbackInfo
[13Sep2026 14:07:37.995] [modloading-sync-worker/DEBUG] [mixin/]: Mixing common.neoforge.ServerLifecycleHooksMixin from lithostitched.mixins.json into net.neoforged.neoforge.server.ServerLifecycleHooks
[13Sep2026 14:07:37.995] [modloading-sync-worker/DEBUG] [mixin/]: lithostitched.mixins.json:common.neoforge.ServerLifecycleHooksMixin from mod lithostitched: Class version 65 required is higher than the class version supported by the current version of Mixin (JAVA_17 supports class version 61)
[13Sep2026 14:07:37.995] [modloading-sync-worker/DEBUG] [mixin/]: Renaming synthetic method lambda$lithostitched$injectBiomeModifers$2(Ljava/util/List;Ljava/util/Map$Entry;)V to md485676$lithostitched$lambda$lithostitched$injectBiomeModifers$2$0 in lithostitched.mixins.json:common.neoforge.ServerLifecycleHooksMixin from mod lithostitched
[13Sep2026 14:07:37.995] [modloading-sync-worker/DEBUG] [mixin/]: Renaming synthetic method lambda$lithostitched$injectBiomeModifers$1(Ljava/util/Map$Entry;)Ljava/util/Map$Entry; to md485676$lithostitched$lambda$lithostitched$injectBiomeModifers$1$1 in lithostitched.mixins.json:common.neoforge.ServerLifecycleHooksMixin from mod lithostitched
[13Sep2026 14:07:37.996] [modloading-sync-worker/DEBUG] [mixin/]: Renaming synthetic method lambda$lithostitched$injectBiomeModifers$0(Ljava/util/Map$Entry;)Z to md485676$lithostitched$lambda$lithostitched$injectBiomeModifers$0$2 in lithostitched.mixins.json:common.neoforge.ServerLifecycleHooksMixin from mod lithostitched
[13Sep2026 14:07:42.033] [modloading-sync-worker/DEBUG] [net.neoforged.fml.config.ConfigTracker/CONFIG]: Loading configs type CLIENT
[13Sep2026 14:07:42.042] [modloading-sync-worker/DEBUG] [net.neoforged.neoforge.common.NeoForgeConfig/FORGEMOD]: Loaded NeoForge config file neoforge-client.toml
[13Sep2026 14:07:42.043] [modloading-sync-worker/DEBUG] [net.neoforged.fml.config.ConfigTracker/CONFIG]: Loaded TOML config file C:\Users\Charlie\IdeaProjects\Fractispheric\run\config\neoforge-client.toml
[13Sep2026 14:07:42.049] [modloading-sync-worker/DEBUG] [net.neoforged.fml.config.ConfigTracker/CONFIG]: Watching TOML config file C:\Users\Charlie\IdeaProjects\Fractispheric\run\config\neoforge-client.toml for changes
[13Sep2026 14:07:42.052] [modloading-sync-worker/DEBUG] [net.neoforged.fml.config.ConfigTracker/CONFIG]: Loaded TOML config file C:\Users\Charlie\IdeaProjects\Fractispheric\run\config\twilightforest-client.toml
[13Sep2026 14:07:42.053] [modloading-sync-worker/DEBUG] [net.neoforged.fml.config.ConfigTracker/CONFIG]: Watching TOML config file C:\Users\Charlie\IdeaProjects\Fractispheric\run\config\twilightforest-client.toml for changes
[13Sep2026 14:07:42.053] [modloading-sync-worker/DEBUG] [net.neoforged.fml.config.ConfigTracker/CONFIG]: Loading configs type COMMON
[13Sep2026 14:07:42.054] [modloading-sync-worker/DEBUG] [net.neoforged.fml.config.ConfigTracker/CONFIG]: Loaded TOML config file C:\Users\Charlie\IdeaProjects\Fractispheric\run\config\fractispheric-common.toml
[13Sep2026 14:07:42.055] [modloading-sync-worker/DEBUG] [net.neoforged.fml.config.ConfigTracker/CONFIG]: Watching TOML config file C:\Users\Charlie\IdeaProjects\Fractispheric\run\config\fractispheric-common.toml for changes
[13Sep2026 14:07:42.056] [modloading-sync-worker/DEBUG] [net.neoforged.neoforge.common.NeoForgeConfig/FORGEMOD]: Loaded NeoForge config file neoforge-common.toml
[13Sep2026 14:07:42.056] [modloading-sync-worker/DEBUG] [net.neoforged.fml.config.ConfigTracker/CONFIG]: Loaded TOML config file C:\Users\Charlie\IdeaProjects\Fractispheric\run\config\neoforge-common.toml
[13Sep2026 14:07:42.056] [modloading-sync-worker/DEBUG] [net.neoforged.fml.config.ConfigTracker/CONFIG]: Watching TOML config file C:\Users\Charlie\IdeaProjects\Fractispheric\run\config\neoforge-common.toml for changes
[13Sep2026 14:07:42.059] [modloading-sync-worker/DEBUG] [net.neoforged.fml.config.ConfigTracker/CONFIG]: Loaded TOML config file C:\Users\Charlie\IdeaProjects\Fractispheric\run\config\twilightforest-common.toml
[13Sep2026 14:07:42.060] [modloading-sync-worker/DEBUG] [net.neoforged.fml.config.ConfigTracker/CONFIG]: Watching TOML config file C:\Users\Charlie\IdeaProjects\Fractispheric\run\config\twilightforest-common.toml for changes
[13Sep2026 14:07:42.468] [Render thread/DEBUG] [mixin/]: Mixing client.IntegratedServerMixin from lithostitched.mixins.json into net.minecraft.client.server.IntegratedServer
[13Sep2026 14:07:42.469] [Render thread/DEBUG] [mixin/]: lithostitched.mixins.json:client.IntegratedServerMixin from mod lithostitched: Class version 65 required is higher than the class version supported by the current version of Mixin (JAVA_17 supports class version 61)
[13Sep2026 14:07:42.471] [Render thread/DEBUG] [mixin/]: lithostitched.mixins.json:client.IntegratedServerMixin from mod lithostitched->@Inject::initServer(Lorg/spongepowered/asm/mixin/injection/callback/CallbackInfoReturnable;)V doesn't use it's CallbackInfoReturnable
[13Sep2026 14:07:42.471] [Render thread/DEBUG] [mixin/]: lithostitched.mixins.json:client.IntegratedServerMixin from mod lithostitched->@Inject::initServer(Lorg/spongepowered/asm/mixin/injection/callback/CallbackInfoReturnable;)V has 0 override(s) in child classes
[13Sep2026 14:07:42.471] [Render thread/DEBUG] [mixin/]: lithostitched.mixins.json:client.IntegratedServerMixin from mod lithostitched->@Inject::initServer(Lorg/spongepowered/asm/mixin/injection/callback/CallbackInfoReturnable;)V won't be passed a CallbackInfoReturnable as a result
[13Sep2026 14:07:42.520] [Render thread/INFO] [net.neoforged.neoforge.gametest.GameTestHooks/]: Enabled Gametest Namespaces: [fractispheric]
[13Sep2026 14:07:42.808] [Render thread/INFO] [net.minecraft.server.packs.resources.ReloadableResourceManager/]: Reloading ResourceManager: vanilla, mod_resources, mod/lithostitched, mod/apollib, mod/moredensityfunctions, mod/regions_unexplored, mod/twilightforest, mod/neoforge, mod/yet_another_config_lib_v3, mod/structurify, mod/fractispheric
[13Sep2026 14:07:42.821] [Worker-Main-1/INFO] [com.phlorish.fractispheric.Fractispheric/]: HELLO FROM COMMON SETUP
[13Sep2026 14:07:42.822] [Worker-Main-1/INFO] [com.phlorish.fractispheric.Fractispheric/]: DIRT BLOCK >> minecraft:dirt
[13Sep2026 14:07:42.822] [Worker-Main-1/INFO] [com.phlorish.fractispheric.Fractispheric/]: The magic number is... 42
[13Sep2026 14:07:42.822] [Worker-Main-1/INFO] [com.phlorish.fractispheric.Fractispheric/]: ITEM >> minecraft:iron_ingot
[13Sep2026 14:07:42.896] [Worker-Main-1/INFO] [net.minecraft.client.gui.font.providers.UnihexProvider/]: Found unifont_all_no_pua-15.1.05.hex, loading
[13Sep2026 14:07:42.897] [NeoForge Version Check/INFO] [net.neoforged.fml.VersionChecker/]: [twilightforest] Starting version check at https://gh.tamaized.com/TeamTwilight/twilightforest/update.json?m=1.21.1&l=NeoForge&v=21.1.243
[13Sep2026 14:07:43.071] [Render thread/DEBUG] [net.neoforged.fml.DeferredWorkQueue/LOADING]: Dispatching synchronous work for work queue Common setup: 3 jobs
[13Sep2026 14:07:43.092] [Render thread/DEBUG] [net.neoforged.fml.DeferredWorkQueue/LOADING]: Synchronous work queue completed in 19.51 ms
[13Sep2026 14:07:43.145] [Worker-Main-10/INFO] [net.minecraft.client.gui.font.providers.UnihexProvider/]: Found unifont_jp_patch-15.1.05.hex, loading
[13Sep2026 14:07:43.244] [Worker-Main-11/INFO] [com.phlorish.fractispheric.Fractispheric/]: HELLO FROM CLIENT SETUP
[13Sep2026 14:07:43.245] [Worker-Main-11/INFO] [com.phlorish.fractispheric.Fractispheric/]: MINECRAFT NAME >> Dev
[13Sep2026 14:07:43.290] [Render thread/DEBUG] [net.neoforged.fml.DeferredWorkQueue/LOADING]: Dispatching synchronous work for work queue Sided setup: 2 jobs
[13Sep2026 14:07:43.291] [Render thread/DEBUG] [net.neoforged.fml.DeferredWorkQueue/LOADING]: Synchronous work queue completed in 521.8 μs
[13Sep2026 14:07:43.674] [NeoForge Version Check/DEBUG] [net.neoforged.fml.VersionChecker/]: [twilightforest] Received version check data:
{
  "homepage": "https://minecraft.curseforge.com/projects/the-twilight-forest",
  "promos": {
	"1.20.2-latest": "4.4.1977",
	"1.20.2-recommended": "4.4.1977",
	"1.20.1-latest": "4.3.1893",
	"1.20.1-recommended": "4.3.1893",
	"1.19.4-latest": "4.2.1696",
	"1.19.4-recommended": "4.2.1696",
	"1.18.2-latest": "4.1.1494",
	"1.18.2-recommended": "4.1.1494",
	"1.17.1-latest": "4.0.943",
	"1.17.1-recommended": "4.0.943",
	"1.16.5-latest": "4.0.870",
	"1.16.5-recommended": "4.0.870",
	"1.12.2-latest": "3.11.1021",
	"1.12.2-recommended": "3.11.1021",
	"1.7.10-latest": "2.4.3",
	"1.7.10-recommended": "2.4.3"
  }
}
[13Sep2026 14:07:43.676] [NeoForge Version Check/INFO] [net.neoforged.fml.VersionChecker/]: [twilightforest] Found status: BETA Current: 4.8.3345 Target: null
[13Sep2026 14:07:44.452] [Worker-Main-2/WARN] [net.minecraft.client.resources.model.BlockStateModelLoader/]: Exception loading blockstate definition: 'fractispheric:blockstates/example_block.json' missing model for variant: 'fractispheric:example_block#'
[13Sep2026 14:07:44.456] [Worker-Main-2/WARN] [net.minecraft.client.resources.model.ModelBakery/]: Unable to load model: 'fractispheric:item/example_item' referenced from: fractispheric:item/example_item: java.io.FileNotFoundException: fractispheric:models/item/example_item.json
[13Sep2026 14:07:44.460] [Worker-Main-2/WARN] [net.minecraft.client.resources.model.ModelBakery/]: Unable to load model: 'fractispheric:item/example_block' referenced from: fractispheric:item/example_block: java.io.FileNotFoundException: fractispheric:models/item/example_block.json
[13Sep2026 14:07:45.802] [Render thread/ERROR] [net.minecraft.client.sounds.SoundManager/]: Missing subtitle translation{key='subtitles.block.generic.fall', args=[]} for sound event: regions_unexplored:block.tall_grass.fall
[13Sep2026 14:07:45.804] [Render thread/ERROR] [net.minecraft.client.sounds.SoundManager/]: Missing subtitle translation{key='subtitles.block.generic.fall', args=[]} for sound event: regions_unexplored:block.leaf_litter.fall
[13Sep2026 14:07:45.805] [Render thread/WARN] [net.minecraft.client.sounds.SoundEngine/]: Missing sound for event: minecraft:item.goat_horn.play
[13Sep2026 14:07:45.805] [Render thread/WARN] [net.minecraft.client.sounds.SoundEngine/]: Missing sound for event: minecraft:entity.goat.screaming.horn_break
[13Sep2026 14:07:45.896] [Render thread/INFO] [com.mojang.blaze3d.audio.Library/]: OpenAL initialized on device OpenAL Soft on Speakers (High Definition Audio Device)
[13Sep2026 14:07:45.897] [Render thread/INFO] [net.minecraft.client.sounds.SoundEngine/SOUNDS]: Sound engine started
[13Sep2026 14:07:46.026] [Render thread/INFO] [net.minecraft.client.renderer.texture.TextureAtlas/]: Created: 1024x1024x4 minecraft:textures/atlas/blocks.png-atlas
[13Sep2026 14:07:46.050] [Render thread/INFO] [net.minecraft.client.renderer.texture.TextureAtlas/]: Created: 512x512x4 minecraft:textures/atlas/signs.png-atlas
[13Sep2026 14:07:46.053] [Render thread/INFO] [net.minecraft.client.renderer.texture.TextureAtlas/]: Created: 512x512x4 minecraft:textures/atlas/shield_patterns.png-atlas
[13Sep2026 14:07:46.059] [Render thread/INFO] [net.minecraft.client.renderer.texture.TextureAtlas/]: Created: 512x512x4 minecraft:textures/atlas/banner_patterns.png-atlas
[13Sep2026 14:07:46.064] [Render thread/INFO] [net.minecraft.client.renderer.texture.TextureAtlas/]: Created: 2048x1024x4 minecraft:textures/atlas/armor_trims.png-atlas
[13Sep2026 14:07:46.075] [Render thread/INFO] [net.minecraft.client.renderer.texture.TextureAtlas/]: Created: 128x64x4 minecraft:textures/atlas/decorated_pot.png-atlas
[13Sep2026 14:07:46.076] [Render thread/INFO] [net.minecraft.client.renderer.texture.TextureAtlas/]: Created: 512x512x4 minecraft:textures/atlas/chest.png-atlas
[13Sep2026 14:07:46.076] [Render thread/INFO] [net.minecraft.client.renderer.texture.TextureAtlas/]: Created: 512x256x4 minecraft:textures/atlas/shulker_boxes.png-atlas
[13Sep2026 14:07:46.077] [Render thread/INFO] [net.minecraft.client.renderer.texture.TextureAtlas/]: Created: 512x256x4 minecraft:textures/atlas/beds.png-atlas
[13Sep2026 14:07:46.170] [Render thread/INFO] [net.minecraft.client.renderer.texture.TextureAtlas/]: Created: 512x256x0 minecraft:textures/atlas/particles.png-atlas
[13Sep2026 14:07:46.172] [Render thread/INFO] [net.minecraft.client.renderer.texture.TextureAtlas/]: Created: 512x256x0 minecraft:textures/atlas/paintings.png-atlas
[13Sep2026 14:07:46.172] [Render thread/INFO] [net.minecraft.client.renderer.texture.TextureAtlas/]: Created: 256x128x0 minecraft:textures/atlas/mob_effects.png-atlas
[13Sep2026 14:07:46.173] [Render thread/INFO] [net.minecraft.client.renderer.texture.TextureAtlas/]: Created: 64x64x0 minecraft:textures/atlas/map_decorations.png-atlas
[13Sep2026 14:07:46.173] [Render thread/INFO] [net.minecraft.client.renderer.texture.TextureAtlas/]: Created: 1024x512x0 minecraft:textures/atlas/gui.png-atlas
[13Sep2026 14:07:46.210] [Render thread/WARN] [net.minecraft.client.renderer.ShaderInstance/]: Shader rendertype_entity_translucent_emissive could not find sampler named Sampler2 in the specified shader program.
[13Sep2026 14:07:46.293] [Render thread/INFO] [net.minecraft.client.renderer.texture.TextureAtlas/]: Created: 512x512x0 twilightforest:textures/atlas/magic_paintings.png-atlas
[13Sep2026 14:07:46.300] [Render thread/INFO] [net.neoforged.neoforge.client.entity.animation.json.AnimationLoader/]: Loaded 0 entity animations
[13Sep2026 14:07:46.335] [Render thread/DEBUG] [twilightforest/]: Registered ISTER listener
[13Sep2026 14:08:25.781] [Render thread/DEBUG] [mixin/]: Mixing AbstractSelectionListAccessor from yacl.mixins.json into net.minecraft.client.gui.components.AbstractSelectionList
[13Sep2026 14:08:25.781] [Render thread/DEBUG] [mixin/]: yacl.mixins.json:AbstractSelectionListAccessor from mod yet_another_config_lib_v3: Class version 65 required is higher than the class version supported by the current version of Mixin (JAVA_17 supports class version 61)
[13Sep2026 14:08:25.781] [Render thread/DEBUG] [mixin/]: Mixing AbstractSelectionListMixin from yacl.mixins.json into net.minecraft.client.gui.components.AbstractSelectionList
[13Sep2026 14:08:25.781] [Render thread/DEBUG] [mixin/]: yacl.mixins.json:AbstractSelectionListMixin from mod yet_another_config_lib_v3: Class version 65 required is higher than the class version supported by the current version of Mixin (JAVA_17 supports class version 61)
[13Sep2026 14:08:28.927] [Render thread/INFO] [net.minecraft.world.level.storage.LevelStorageSource/]: Deleting level New World
[13Sep2026 14:08:28.927] [Render thread/INFO] [net.minecraft.world.level.storage.LevelStorageSource/]: Attempt 1...
[13Sep2026 14:08:32.178] [Render thread/INFO] [net.minecraft.world.item.crafting.RecipeManager/]: Loaded 2452 recipes
[13Sep2026 14:08:32.426] [Render thread/INFO] [net.minecraft.advancements.AdvancementTree/]: Loaded 2582 advancements
[13Sep2026 14:08:32.430] [Render thread/DEBUG] [twilightforest/]: Questing Ram quest set by mod twilightforest
[13Sep2026 14:08:32.432] [Render thread/DEBUG] [twilightforest/]: Loaded Stalactite twilightforest:twilight/stalactites/entries/hill_stone_stalactite.json for config medium_hollow_hill
[13Sep2026 14:08:32.432] [Render thread/DEBUG] [twilightforest/]: Loaded Stalactite twilightforest:twilight/stalactites/entries/iron_stalactite.json for config medium_hollow_hill
[13Sep2026 14:08:32.433] [Render thread/DEBUG] [twilightforest/]: Loaded Stalactite twilightforest:twilight/stalactites/entries/coal_stalactite.json for config medium_hollow_hill
[13Sep2026 14:08:32.433] [Render thread/DEBUG] [twilightforest/]: Loaded Stalactite twilightforest:twilight/stalactites/entries/copper_stalactite.json for config medium_hollow_hill
[13Sep2026 14:08:32.433] [Render thread/DEBUG] [twilightforest/]: Loaded Stalactite twilightforest:twilight/stalactites/entries/glowstone_stalactite.json for config medium_hollow_hill
[13Sep2026 14:08:32.433] [Render thread/DEBUG] [twilightforest/]: Loaded Stalactite twilightforest:twilight/stalactites/entries/gold_stalactite.json for config medium_hollow_hill
[13Sep2026 14:08:32.434] [Render thread/DEBUG] [twilightforest/]: Loaded Stalactite twilightforest:twilight/stalactites/entries/redstone_stalactite.json for config medium_hollow_hill
[13Sep2026 14:08:32.434] [Render thread/DEBUG] [twilightforest/]: Loaded Stalactite twilightforest:twilight/stalactites/entries/hill_stone_stalactite.json for config medium_hollow_hill
[13Sep2026 14:08:32.434] [Render thread/DEBUG] [twilightforest/]: Loaded Stalactite twilightforest:twilight/stalactites/entries/ice_stalactite.json for config yeti_cave
[13Sep2026 14:08:32.434] [Render thread/DEBUG] [twilightforest/]: Loaded Stalactite twilightforest:twilight/stalactites/entries/packed_ice_stalactite.json for config yeti_cave
[13Sep2026 14:08:32.434] [Render thread/DEBUG] [twilightforest/]: Loaded Stalactite twilightforest:twilight/stalactites/entries/blue_ice_stalactite.json for config yeti_cave
[13Sep2026 14:08:32.435] [Render thread/DEBUG] [twilightforest/]: Loaded Stalactite twilightforest:twilight/stalactites/entries/hill_stone_stalactite.json for config large_hollow_hill
[13Sep2026 14:08:32.435] [Render thread/DEBUG] [twilightforest/]: Loaded Stalactite twilightforest:twilight/stalactites/entries/iron_stalactite.json for config large_hollow_hill
[13Sep2026 14:08:32.435] [Render thread/DEBUG] [twilightforest/]: Loaded Stalactite twilightforest:twilight/stalactites/entries/coal_stalactite.json for config large_hollow_hill
[13Sep2026 14:08:32.435] [Render thread/DEBUG] [twilightforest/]: Loaded Stalactite twilightforest:twilight/stalactites/entries/copper_stalactite.json for config large_hollow_hill
[13Sep2026 14:08:32.435] [Render thread/DEBUG] [twilightforest/]: Loaded Stalactite twilightforest:twilight/stalactites/entries/glowstone_stalactite.json for config large_hollow_hill
[13Sep2026 14:08:32.436] [Render thread/DEBUG] [twilightforest/]: Loaded Stalactite twilightforest:twilight/stalactites/entries/gold_stalactite.json for config large_hollow_hill
[13Sep2026 14:08:32.436] [Render thread/DEBUG] [twilightforest/]: Loaded Stalactite twilightforest:twilight/stalactites/entries/redstone_stalactite.json for config large_hollow_hill
[13Sep2026 14:08:32.436] [Render thread/DEBUG] [twilightforest/]: Loaded Stalactite twilightforest:twilight/stalactites/entries/diamond_stalactite.json for config large_hollow_hill
[13Sep2026 14:08:32.436] [Render thread/DEBUG] [twilightforest/]: Loaded Stalactite twilightforest:twilight/stalactites/entries/lapis_stalactite.json for config large_hollow_hill
[13Sep2026 14:08:32.437] [Render thread/DEBUG] [twilightforest/]: Loaded Stalactite twilightforest:twilight/stalactites/entries/emerald_stalactite.json for config large_hollow_hill
[13Sep2026 14:08:32.437] [Render thread/DEBUG] [twilightforest/]: Loaded Stalactite twilightforest:twilight/stalactites/entries/hill_stone_stalactite.json for config large_hollow_hill
[13Sep2026 14:08:32.437] [Render thread/DEBUG] [twilightforest/]: Loaded Stalactite twilightforest:twilight/stalactites/entries/iron_stalactite.json for config hydra_lair
[13Sep2026 14:08:32.437] [Render thread/DEBUG] [twilightforest/]: Loaded Stalactite twilightforest:twilight/stalactites/entries/coal_stalactite.json for config hydra_lair
[13Sep2026 14:08:32.437] [Render thread/DEBUG] [twilightforest/]: Loaded Stalactite twilightforest:twilight/stalactites/entries/copper_stalactite.json for config hydra_lair
[13Sep2026 14:08:32.438] [Render thread/DEBUG] [twilightforest/]: Loaded Stalactite twilightforest:twilight/stalactites/entries/glowstone_stalactite.json for config hydra_lair
[13Sep2026 14:08:32.438] [Render thread/DEBUG] [twilightforest/]: Loaded Stalactite twilightforest:twilight/stalactites/entries/gold_stalactite.json for config hydra_lair
[13Sep2026 14:08:32.438] [Render thread/DEBUG] [twilightforest/]: Loaded Stalactite twilightforest:twilight/stalactites/entries/redstone_stalactite.json for config hydra_lair
[13Sep2026 14:08:32.438] [Render thread/DEBUG] [twilightforest/]: Loaded Stalactite twilightforest:twilight/stalactites/entries/hill_stone_stalactite.json for config hydra_lair
[13Sep2026 14:08:32.439] [Render thread/DEBUG] [twilightforest/]: Loaded Stalactite twilightforest:twilight/stalactites/entries/hill_stone_stalactite.json for config small_hollow_hill
[13Sep2026 14:08:32.439] [Render thread/DEBUG] [twilightforest/]: Loaded Stalactite twilightforest:twilight/stalactites/entries/iron_stalactite.json for config small_hollow_hill
[13Sep2026 14:08:32.439] [Render thread/DEBUG] [twilightforest/]: Loaded Stalactite twilightforest:twilight/stalactites/entries/coal_stalactite.json for config small_hollow_hill
[13Sep2026 14:08:32.439] [Render thread/DEBUG] [twilightforest/]: Loaded Stalactite twilightforest:twilight/stalactites/entries/copper_stalactite.json for config small_hollow_hill
[13Sep2026 14:08:32.439] [Render thread/DEBUG] [twilightforest/]: Loaded Stalactite twilightforest:twilight/stalactites/entries/glowstone_stalactite.json for config small_hollow_hill
[13Sep2026 14:08:32.440] [Render thread/DEBUG] [twilightforest/]: Loaded Stalactite twilightforest:twilight/stalactites/entries/hill_stone_stalactite.json for config small_hollow_hill
[13Sep2026 14:08:32.440] [Render thread/DEBUG] [twilightforest/]: Loaded Stalactite twilightforest:twilight/stalactites/entries/hill_stone_stalactite.json for config troll_cave
[13Sep2026 14:08:32.440] [Render thread/DEBUG] [twilightforest/]: Loaded Stalactite twilightforest:twilight/stalactites/entries/hill_stone_stalactite.json for config troll_cave
[13Sep2026 14:08:36.394] [Render thread/INFO] [structurify/]: Loading Structurify config...
[13Sep2026 14:08:36.465] [Render thread/INFO] [structurify/]: Changed settings of 1 structures: [twilightforest:hollow_tree]
[13Sep2026 14:08:36.465] [Render thread/INFO] [structurify/]: Structurify config loaded
[13Sep2026 14:08:36.500] [Render thread/DEBUG] [mixin/]: Mixing TabNavigationBarAccessor from yacl.mixins.json into net.minecraft.client.gui.components.tabs.TabNavigationBar
[13Sep2026 14:08:36.500] [Render thread/DEBUG] [mixin/]: yacl.mixins.json:TabNavigationBarAccessor from mod yet_another_config_lib_v3: Class version 65 required is higher than the class version supported by the current version of Mixin (JAVA_17 supports class version 61)
[13Sep2026 14:08:44.257] [Render thread/DEBUG] [net.neoforged.neoforge.common.CommonHooks/WP]: Gathered mod list to write to world save New World
[13Sep2026 14:08:44.302] [Server thread/INFO] [net.minecraft.client.server.IntegratedServer/]: Starting integrated minecraft server version 1.21.1
[13Sep2026 14:08:44.302] [Server thread/INFO] [net.minecraft.server.MinecraftServer/]: Generating keypair
[13Sep2026 14:08:44.410] [Server thread/DEBUG] [net.neoforged.fml.config.ConfigTracker/CONFIG]: Loading configs type SERVER
[13Sep2026 14:08:44.411] [Server thread/DEBUG] [net.neoforged.neoforge.common.NeoForgeConfig/FORGEMOD]: Loaded NeoForge config file neoforge-server.toml
[13Sep2026 14:08:44.411] [Server thread/DEBUG] [net.neoforged.fml.config.ConfigTracker/CONFIG]: Loaded TOML config file C:\Users\Charlie\IdeaProjects\Fractispheric\run\config\neoforge-server.toml
[13Sep2026 14:08:44.412] [Server thread/DEBUG] [net.neoforged.fml.config.ConfigTracker/CONFIG]: Watching TOML config file C:\Users\Charlie\IdeaProjects\Fractispheric\run\config\neoforge-server.toml for changes
[13Sep2026 14:08:44.434] [Server thread/WARN] [net.neoforged.neoforge.server.ServerLifecycleHooks/]: Detected minecraft:ocelot that was registered with CREATURE mob category but was added under MONSTER mob category for regions_unexplored:eucalyptus_forest biome! Mobs should be added to biomes under the same mob category that the mob was registered as to prevent mob cap spawning issues.
[13Sep2026 14:08:44.447] [Server thread/WARN] [net.neoforged.neoforge.server.ServerLifecycleHooks/]: Detected minecraft:ocelot that was registered with CREATURE mob category but was added under MONSTER mob category for regions_unexplored:rainforest biome! Mobs should be added to biomes under the same mob category that the mob was registered as to prevent mob cap spawning issues.
[13Sep2026 14:08:44.451] [Server thread/WARN] [net.neoforged.neoforge.server.ServerLifecycleHooks/]: Detected minecraft:ocelot that was registered with CREATURE mob category but was added under MONSTER mob category for regions_unexplored:sparse_rainforest biome! Mobs should be added to biomes under the same mob category that the mob was registered as to prevent mob cap spawning issues.
[13Sep2026 14:08:44.454] [Server thread/WARN] [net.neoforged.neoforge.server.ServerLifecycleHooks/]: Detected minecraft:ocelot that was registered with CREATURE mob category but was added under MONSTER mob category for regions_unexplored:tropics biome! Mobs should be added to biomes under the same mob category that the mob was registered as to prevent mob cap spawning issues.
[13Sep2026 14:08:44.459] [Server thread/INFO] [structurify/]: Updating registries...
[13Sep2026 14:08:44.459] [Server thread/INFO] [structurify/]: Structure registries updated
[13Sep2026 14:08:44.460] [Server thread/INFO] [structurify/]: Structure Sets registries updated
[13Sep2026 14:08:44.461] [Server thread/INFO] [structurify/]: Structure Template Pools registries updated
[13Sep2026 14:08:44.461] [Server thread/INFO] [structurify/]: Registries updated
[13Sep2026 14:08:44.479] [Server thread/DEBUG] [mixin/]: Mixing common.RandomStateAccessor from lithostitched.mixins.json into net.minecraft.world.level.levelgen.RandomState
[13Sep2026 14:08:44.480] [Server thread/DEBUG] [mixin/]: lithostitched.mixins.json:common.RandomStateAccessor from mod lithostitched: Class version 65 required is higher than the class version supported by the current version of Mixin (JAVA_17 supports class version 61)
[13Sep2026 14:08:44.480] [Server thread/DEBUG] [mixin/]: Mixing common.RandomStateMixin from lithostitched.mixins.json into net.minecraft.world.level.levelgen.RandomState
[13Sep2026 14:08:44.480] [Server thread/DEBUG] [mixin/]: lithostitched.mixins.json:common.RandomStateMixin from mod lithostitched: Class version 65 required is higher than the class version supported by the current version of Mixin (JAVA_17 supports class version 61)
[13Sep2026 14:08:44.481] [Server thread/DEBUG] [mixin/]: lithostitched.mixins.json:common.RandomStateMixin from mod lithostitched->@Inject::saveSeed(Lnet/minecraft/world/level/levelgen/NoiseGeneratorSettings;Lnet/minecraft/core/HolderGetter;JLorg/spongepowered/asm/mixin/injection/callback/CallbackInfo;)V doesn't use it's CallbackInfo
[13Sep2026 14:08:44.486] [Server thread/DEBUG] [mixin/]: Mixing common.bandlands.SurfaceSystemMixin from lithostitched.mixins.json into net.minecraft.world.level.levelgen.SurfaceSystem
[13Sep2026 14:08:44.486] [Server thread/DEBUG] [mixin/]: lithostitched.mixins.json:common.bandlands.SurfaceSystemMixin from mod lithostitched: Class version 65 required is higher than the class version supported by the current version of Mixin (JAVA_17 supports class version 61)
[13Sep2026 14:08:44.606] [Server thread/DEBUG] [mixin/]: Mixing common.ChunkMapMixin from lithostitched.mixins.json into net.minecraft.server.level.ChunkMap
[13Sep2026 14:08:44.606] [Server thread/DEBUG] [mixin/]: lithostitched.mixins.json:common.ChunkMapMixin from mod lithostitched: Class version 65 required is higher than the class version supported by the current version of Mixin (JAVA_17 supports class version 61)
[13Sep2026 14:08:44.606] [Server thread/DEBUG] [mixin/]: Renaming synthetic method lambda$wrapNoiseRouter$0(Lnet/minecraft/server/level/ServerLevel;Ldev/worldgen/lithostitched/worldgen/modifier/WrapNoiseRouterModifier;)Z to md485676$lithostitched$lambda$wrapNoiseRouter$0$0 in lithostitched.mixins.json:common.ChunkMapMixin from mod lithostitched
[13Sep2026 14:08:47.432] [worldgen/DEBUG] [mixin/]: Mixing common.NoiseChunkAccessor from lithostitched.mixins.json into net.minecraft.world.level.levelgen.NoiseChunk
[13Sep2026 14:08:47.433] [worldgen/DEBUG] [mixin/]: lithostitched.mixins.json:common.NoiseChunkAccessor from mod lithostitched: Class version 65 required is higher than the class version supported by the current version of Mixin (JAVA_17 supports class version 61)
[13Sep2026 14:08:47.943] [worldgen/DEBUG] [mixin/]: Mixing common.PoolAliasLookupMixin from lithostitched.mixins.json into net.minecraft.world.level.levelgen.structure.pools.alias.PoolAliasLookup
[13Sep2026 14:08:47.943] [worldgen/DEBUG] [mixin/]: lithostitched.mixins.json:common.PoolAliasLookupMixin from mod lithostitched: Class version 65 required is higher than the class version supported by the current version of Mixin (JAVA_17 supports class version 61)
[13Sep2026 14:08:48.185] [init_biomes/DEBUG] [mixin/]: Mixing common.BeardifierMixin from lithostitched.mixins.json into net.minecraft.world.level.levelgen.Beardifier
[13Sep2026 14:08:48.185] [init_biomes/DEBUG] [mixin/]: lithostitched.mixins.json:common.BeardifierMixin from mod lithostitched: Class version 65 required is higher than the class version supported by the current version of Mixin (JAVA_17 supports class version 61)
[13Sep2026 14:08:49.333] [worldgen/DEBUG] [mixin/]: Mixing common.SurfaceRulesContextMixin from lithostitched.mixins.json into net.minecraft.world.level.levelgen.SurfaceRules$Context
[13Sep2026 14:08:49.334] [worldgen/DEBUG] [mixin/]: lithostitched.mixins.json:common.SurfaceRulesContextMixin from mod lithostitched: Class version 65 required is higher than the class version supported by the current version of Mixin (JAVA_17 supports class version 61)
[13Sep2026 14:08:49.335] [worldgen/DEBUG] [mixin/]: Renaming synthetic method lambda$lithostitched$biomeMatches$0(Lnet/minecraft/core/HolderSet;)Z to md485676$lithostitched$lambda$lithostitched$biomeMatches$0$0 in lithostitched.mixins.json:common.SurfaceRulesContextMixin from mod lithostitched
[13Sep2026 14:08:49.932] [Server thread/INFO] [net.minecraft.server.MinecraftServer/]: Preparing start region for dimension minecraft:overworld
[13Sep2026 14:08:49.971] [progressListener/INFO] [net.minecraft.server.level.progress.LoggerChunkProgressListener/]: Preparing spawn area: 2%
[13Sep2026 14:08:50.656] [progressListener/INFO] [net.minecraft.server.level.progress.LoggerChunkProgressListener/]: Preparing spawn area: 2%
[13Sep2026 14:08:50.990] [progressListener/INFO] [net.minecraft.server.level.progress.LoggerChunkProgressListener/]: Preparing spawn area: 2%
[13Sep2026 14:08:51.466] [progressListener/INFO] [net.minecraft.server.level.progress.LoggerChunkProgressListener/]: Preparing spawn area: 18%
[13Sep2026 14:08:51.963] [progressListener/INFO] [net.minecraft.server.level.progress.LoggerChunkProgressListener/]: Preparing spawn area: 18%
[13Sep2026 14:08:52.454] [progressListener/INFO] [net.minecraft.server.level.progress.LoggerChunkProgressListener/]: Preparing spawn area: 18%
[13Sep2026 14:08:52.965] [progressListener/INFO] [net.minecraft.server.level.progress.LoggerChunkProgressListener/]: Preparing spawn area: 51%
[13Sep2026 14:08:53.454] [progressListener/INFO] [net.minecraft.server.level.progress.LoggerChunkProgressListener/]: Preparing spawn area: 51%
[13Sep2026 14:08:53.954] [progressListener/INFO] [net.minecraft.server.level.progress.LoggerChunkProgressListener/]: Preparing spawn area: 67%
[13Sep2026 14:08:54.161] [Server thread/INFO] [net.neoforged.neoforge.server.permission.PermissionAPI/]: Successfully initialized permission handler neoforge:default_handler
[13Sep2026 14:08:54.162] [Server thread/INFO] [com.phlorish.fractispheric.Fractispheric/]: HELLO from server starting
[13Sep2026 14:08:54.167] [progressListener/INFO] [net.minecraft.server.level.progress.LoggerChunkProgressListener/]: Time elapsed: 4214 ms
[13Sep2026 14:08:54.186] [Server thread/INFO] [net.minecraft.client.server.IntegratedServer/]: Changing view distance to 32, from 10
[13Sep2026 14:08:54.186] [Server thread/INFO] [net.minecraft.client.server.IntegratedServer/]: Changing simulation distance to 12, from 0
[13Sep2026 14:08:54.236] [Render thread/DEBUG] [io.netty.channel.MultithreadEventLoopGroup/]: -Dio.netty.eventLoopThreads: 24
[13Sep2026 14:08:54.246] [Render thread/DEBUG] [io.netty.util.concurrent.GlobalEventExecutor/]: -Dio.netty.globalEventExecutor.quietPeriodSeconds: 1
[13Sep2026 14:08:54.259] [Render thread/DEBUG] [io.netty.channel.nio.NioEventLoop/]: -Dio.netty.noKeySetOptimization: false
[13Sep2026 14:08:54.259] [Render thread/DEBUG] [io.netty.channel.nio.NioEventLoop/]: -Dio.netty.selectorAutoRebuildThreshold: 512
[13Sep2026 14:08:54.265] [Render thread/DEBUG] [io.netty.util.internal.PlatformDependent/]: org.jctools-core.MpscChunkedArrayQueue: available
[13Sep2026 14:08:54.309] [Render thread/DEBUG] [io.netty.channel.DefaultChannelId/]: -Dio.netty.processId: 9432 (auto-detected)
[13Sep2026 14:08:54.310] [Render thread/DEBUG] [io.netty.util.NetUtil/]: -Djava.net.preferIPv4Stack: false
[13Sep2026 14:08:54.310] [Render thread/DEBUG] [io.netty.util.NetUtil/]: -Djava.net.preferIPv6Addresses: system
[13Sep2026 14:08:54.313] [Render thread/DEBUG] [io.netty.util.NetUtilInitializations/]: Loopback interface: loopback_0 (Software Loopback Interface 1, 0:0:0:0:0:0:0:1)
[13Sep2026 14:08:54.315] [Render thread/DEBUG] [io.netty.util.NetUtil/]: Failed to get SOMAXCONN from sysctl and file \proc\sys\net\core\somaxconn. Default: 200
[13Sep2026 14:08:54.316] [Render thread/DEBUG] [io.netty.channel.DefaultChannelId/]: -Dio.netty.machineId: a8:a1:59:ff:fe:13:0d:e3 (auto-detected)
[13Sep2026 14:08:54.376] [Render thread/DEBUG] [io.netty.util.Recycler/]: -Dio.netty.recycler.maxCapacityPerThread: 4096
[13Sep2026 14:08:54.376] [Render thread/DEBUG] [io.netty.util.Recycler/]: -Dio.netty.recycler.ratio: 8
[13Sep2026 14:08:54.376] [Render thread/DEBUG] [io.netty.util.Recycler/]: -Dio.netty.recycler.chunkSize: 32
[13Sep2026 14:08:54.376] [Render thread/DEBUG] [io.netty.util.Recycler/]: -Dio.netty.recycler.blocking: false
[13Sep2026 14:08:54.376] [Render thread/DEBUG] [io.netty.util.Recycler/]: -Dio.netty.recycler.batchFastThreadLocalOnly: true
[13Sep2026 14:08:54.490] [Netty Server IO #1/DEBUG] [net.neoforged.neoforge.network.filters.NetworkFilters/]: Injected net.neoforged.neoforge.network.filters.GenericPacketSplitter@492be8b0 into net.minecraft.network.Connection@36ebd713
[13Sep2026 14:08:54.501] [Netty Local Client IO #0/DEBUG] [net.neoforged.neoforge.network.filters.NetworkFilters/]: Injected net.neoforged.neoforge.network.filters.GenericPacketSplitter@7b352acb into net.minecraft.network.Connection@40032ede
[13Sep2026 14:08:54.861] [Netty Server IO #1/DEBUG] [net.neoforged.neoforge.network.filters.NetworkFilters/]: Injected net.neoforged.neoforge.network.filters.GenericPacketSplitter@667bdf31 into net.minecraft.network.Connection@36ebd713
[13Sep2026 14:08:54.936] [Server thread/INFO] [net.minecraft.server.players.PlayerList/]: Dev[local:E:0b6b12e2] logged in with entity id 1 at (0.5, 75.0, -6.5)
[13Sep2026 14:08:55.015] [Server thread/INFO] [net.minecraft.server.MinecraftServer/]: Dev joined the game
[13Sep2026 14:08:56.037] [Render thread/INFO] [net.minecraft.advancements.AdvancementTree/]: Loaded 2 advancements
[13Sep2026 14:08:56.092] [Render thread/INFO] [net.minecraft.advancements.AdvancementTree/]: Loaded 16 advancements
[13Sep2026 14:13:54.164] [Server thread/DEBUG] [net.neoforged.neoforge.common.CommonHooks/WP]: Gathered mod list to write to world save New World
[13Sep2026 14:17:00.859] [Server thread/INFO] [net.minecraft.server.commands.LocateCommand/]: Locating element fracti:botania took 139 ms
[13Sep2026 14:17:00.865] [Render thread/INFO] [net.minecraft.client.gui.components.ChatComponent/]: [System] [CHAT] The nearest fracti:botania is at [-156, 51, -1154] (357 blocks away)
[13Sep2026 14:17:09.943] [Server thread/INFO] [net.minecraft.server.MinecraftServer/]: [Dev: Teleported Dev to -155.500000, 51.000000, -1153.500000]
[13Sep2026 14:17:09.951] [Render thread/INFO] [net.minecraft.client.gui.components.ChatComponent/]: [System] [CHAT] Teleported Dev to -155.500000, 51.000000, -1153.500000
[13Sep2026 14:17:23.419] [Server thread/INFO] [net.minecraft.client.server.IntegratedServer/]: Saving and pausing game...
[13Sep2026 14:17:23.437] [Server thread/INFO] [net.minecraft.server.MinecraftServer/]: Saving chunks for level 'ServerLevel[New World]'/minecraft:overworld
[13Sep2026 14:17:23.447] [Server thread/INFO] [net.minecraft.server.MinecraftServer/]: Saving chunks for level 'ServerLevel[New World]'/twilightforest:twilight_forest
[13Sep2026 14:17:23.448] [Server thread/INFO] [net.minecraft.server.MinecraftServer/]: Saving chunks for level 'ServerLevel[New World]'/minecraft:the_end
[13Sep2026 14:17:23.448] [Server thread/INFO] [net.minecraft.server.MinecraftServer/]: Saving chunks for level 'ServerLevel[New World]'/minecraft:the_nether
[13Sep2026 14:17:23.450] [Server thread/DEBUG] [net.neoforged.neoforge.common.CommonHooks/WP]: Gathered mod list to write to world save New World
[13Sep2026 14:18:56.248] [Server thread/DEBUG] [net.neoforged.neoforge.common.CommonHooks/WP]: Gathered mod list to write to world save New World
[13Sep2026 14:19:00.396] [Server thread/WARN] [net.minecraft.server.MinecraftServer/]: Can't keep up! Is the server overloaded? Running 2077ms or 41 ticks behind
[13Sep2026 14:19:15.305] [Server thread/INFO] [net.minecraft.client.server.IntegratedServer/]: Saving and pausing game...
[13Sep2026 14:19:15.315] [Server thread/INFO] [net.minecraft.server.MinecraftServer/]: Saving chunks for level 'ServerLevel[New World]'/minecraft:overworld
[13Sep2026 14:19:15.329] [Server thread/INFO] [net.minecraft.server.MinecraftServer/]: Saving chunks for level 'ServerLevel[New World]'/twilightforest:twilight_forest
[13Sep2026 14:19:15.330] [Server thread/INFO] [net.minecraft.server.MinecraftServer/]: Saving chunks for level 'ServerLevel[New World]'/minecraft:the_end
[13Sep2026 14:19:15.330] [Server thread/INFO] [net.minecraft.server.MinecraftServer/]: Saving chunks for level 'ServerLevel[New World]'/minecraft:the_nether
[13Sep2026 14:19:15.332] [Server thread/DEBUG] [net.neoforged.neoforge.common.CommonHooks/WP]: Gathered mod list to write to world save New World
[13Sep2026 14:19:44.696] [Render thread/INFO] [com.mojang.blaze3d.platform.GlDebug/]: OpenGL debug message: id=1000, source=API, type=ERROR, severity=HIGH, message='glGetString has generated an error (GL_INVALID_ENUM)'
[13Sep2026 14:22:08.009] [Server thread/INFO] [net.minecraft.server.MinecraftServer/]: [Dev: Set the time to 1000]
[13Sep2026 14:22:08.015] [Render thread/INFO] [net.minecraft.client.gui.components.ChatComponent/]: [System] [CHAT] Set the time to 1000
[13Sep2026 14:24:30.863] [Server thread/DEBUG] [net.neoforged.neoforge.common.CommonHooks/WP]: Gathered mod list to write to world save New World
[13Sep2026 14:25:14.488] [Render thread/INFO] [net.minecraft.advancements.AdvancementTree/]: Loaded 16 advancements
[13Sep2026 14:25:28.972] [Server thread/INFO] [net.minecraft.client.server.IntegratedServer/]: Saving and pausing game...
[13Sep2026 14:25:28.984] [Server thread/INFO] [net.minecraft.server.MinecraftServer/]: Saving chunks for level 'ServerLevel[New World]'/minecraft:overworld
[13Sep2026 14:25:28.990] [Server thread/INFO] [net.minecraft.server.MinecraftServer/]: Saving chunks for level 'ServerLevel[New World]'/twilightforest:twilight_forest
[13Sep2026 14:25:28.990] [Server thread/INFO] [net.minecraft.server.MinecraftServer/]: Saving chunks for level 'ServerLevel[New World]'/minecraft:the_end
[13Sep2026 14:25:28.991] [Server thread/INFO] [net.minecraft.server.MinecraftServer/]: Saving chunks for level 'ServerLevel[New World]'/minecraft:the_nether
[13Sep2026 14:25:28.992] [Server thread/DEBUG] [net.neoforged.neoforge.common.CommonHooks/WP]: Gathered mod list to write to world save New World
[13Sep2026 14:25:29.939] [Server thread/INFO] [net.minecraft.server.network.ServerGamePacketListenerImpl/]: Dev lost connection: Disconnected
[13Sep2026 14:25:29.940] [Server thread/INFO] [net.minecraft.server.MinecraftServer/]: Dev left the game
[13Sep2026 14:25:29.951] [Server thread/INFO] [net.minecraft.server.network.ServerCommonPacketListenerImpl/]: Stopping singleplayer server as player logged out
[13Sep2026 14:25:29.973] [Server thread/INFO] [net.minecraft.server.MinecraftServer/]: Stopping server
[13Sep2026 14:25:29.973] [Server thread/INFO] [net.minecraft.server.MinecraftServer/]: Saving players
[13Sep2026 14:25:29.974] [Server thread/INFO] [net.minecraft.server.MinecraftServer/]: Saving worlds
[13Sep2026 14:25:31.011] [Server thread/INFO] [net.minecraft.server.MinecraftServer/]: Saving chunks for level 'ServerLevel[New World]'/minecraft:overworld
[13Sep2026 14:25:31.864] [Server thread/INFO] [net.minecraft.server.MinecraftServer/]: Saving chunks for level 'ServerLevel[New World]'/twilightforest:twilight_forest
[13Sep2026 14:25:31.867] [Server thread/INFO] [net.minecraft.server.MinecraftServer/]: Saving chunks for level 'ServerLevel[New World]'/minecraft:the_end
[13Sep2026 14:25:31.871] [Server thread/INFO] [net.minecraft.server.MinecraftServer/]: Saving chunks for level 'ServerLevel[New World]'/minecraft:the_nether
[13Sep2026 14:25:31.875] [Server thread/DEBUG] [net.neoforged.neoforge.common.CommonHooks/WP]: Gathered mod list to write to world save New World
[13Sep2026 14:25:31.880] [Server thread/INFO] [net.minecraft.server.MinecraftServer/]: ThreadedAnvilChunkStorage (New World): All chunks are saved
[13Sep2026 14:25:31.880] [Server thread/INFO] [net.minecraft.server.MinecraftServer/]: ThreadedAnvilChunkStorage (twilight_forest): All chunks are saved
[13Sep2026 14:25:31.880] [Server thread/INFO] [net.minecraft.server.MinecraftServer/]: ThreadedAnvilChunkStorage (DIM1): All chunks are saved
[13Sep2026 14:25:31.880] [Server thread/INFO] [net.minecraft.server.MinecraftServer/]: ThreadedAnvilChunkStorage (DIM-1): All chunks are saved
[13Sep2026 14:25:31.880] [Server thread/INFO] [net.minecraft.server.MinecraftServer/]: ThreadedAnvilChunkStorage: All dimensions are saved
[13Sep2026 14:25:31.955] [Server thread/DEBUG] [net.neoforged.fml.config.ConfigTracker/CONFIG]: Unloading configs type SERVER
[13Sep2026 14:25:35.987] [Render thread/INFO] [net.minecraft.client.Minecraft/]: Stopping!
